t,input,current,displacement,velocity
0.0,0.0,0.0,0.0,0.0
0.001,1.06331351044005,0.106331351044005,0.0,0.0
0.002,1.24494914244139,0.1811695243505937,0.0,1.1972910127554963e-5
0.003,0.6571638901489169,0.16227974549375812,1.1972910127554965e-9,3.237195322957594e-5
0.004,0.11225699414489643,0.09772080376266272,4.434486335713091e-9,5.064287355909157e-5
0.005,0.0,0.05208518840549923,9.498773691622249e-9,6.16433798718202e-5
0.006,-0.11225699414489648,0.016535706005641443,1.5663111678804268e-8,6.750457845388368e-5
0.007,-0.6571638901489169,-0.0569028577138848,2.2413569524192636e-8,6.936241349224354e-5
0.008,-1.24494914244139,-0.1548241374056396,2.9349810873416992e-8,6.295077347877246e-5
0.009,-1.0633135104400502,-0.1888526162812109,3.564488822129423e-8,4.551334500842081e-5
0.01,-4.898587196589413e-16,-0.1006584444778854,4.0196222722136314e-8,2.4245070045431124e-5
0.011,1.0633135104400497,0.052680400137291875,4.2620729726679423e-8,1.2908475325754706e-5
0.012,1.2449491424413899,0.1525735675173156,4.39115772592549e-8,1.8838376401891147e-5
0.013,0.6571638901489174,0.14703810050162097,4.579541489944401e-8,3.60158916928037e-5
0.014,0.11225699414489648,0.08959700698185358,4.9397004068724386e-8,5.2569133772674996e-5
0.015,0.0,0.047755204721328,5.465391744599188e-8,6.265351371453063e-5
0.016,-0.11225699414489615,0.014227824701978184,6.091926881744495e-8,6.802581315226906e-5
0.017,-0.6571638901489185,-0.05813295844873752,6.772185013267186e-8,6.962246123500771e-5
0.018,-1.2449491424413899,-0.1554797810973158,7.468409625617261e-8,6.307100493013935e-5
0.019,-1.0633135104400504,-0.18920207436887437,8.099119674918654e-8,4.5558450800670264e-5
0.02,-9.797174393178826e-16,-0.10084470563861013,8.554704182925357e-8,2.4249530375173956e-5
0.021,1.0633135104400513,0.052581122938625977,8.797199486677098e-8,1.2890668251623765e-5
0.022,1.2449491424413903,0.15252065277042637,8.926106169193336e-8,1.8808097544691254e-5
0.023,0.6571638901489176,0.14700989694152902,9.114187144640249e-8,3.597836221317487e-5
0.024,0.1122569941448957,0.08958197448432453,9.473970766771997e-8,5.2527136626059174e-5
0.025,0.0,0.047747192400144974,9.99924213303259e-8,6.260853229581362e-5
0.026,-0.11225699414489598,0.014223554134787798,1.0625327455990725e-7,6.797863820332374e-5
0.027,-0.6571638901489163,-0.058135234661049716,1.1305113838023962e-7,6.957351431536747e-5
0.028,-1.2449491424413899,-0.15548099431847842,1.2000848981177636e-7,6.302051081582505e-5
0.029,-1.0633135104400506,-0.18920272101575406,1.2631054089335887e-7,4.550652938271573e-5
0.03,-1.4695761589768238e-15,-0.10084505030139743,1.3086119383163043e-7,2.4196245662265795e-5
0.031,1.063313510440049,0.052580939233359936,1.33280818397857e-7,1.2836054491362618e-5
0.032,1.2449491424413905,0.15252055485551982,1.3456442384699325e-7,1.875217312372328e-5
0.033,0.657163890148914,0.14700984475288348,1.364396411593656e-7,3.592113704347379e-5
0.034,0.11225699414489498,0.08958194666777644,1.4003175486371296e-7,5.246861608468809e-5
0.035,0.0,0.04774717757392488,1.4527861647218177e-7,6.254871934554048e-5
0.036,-0.11225699414489598,0.014223546232412641,1.5153348840673578e-7,6.791753453284532e-5
0.037,-0.6571638901489161,-0.05813523887301559,1.5832524186002033e-7,6.951112093601308e-5
0.038,-1.2449491424413897,-0.15548099656345613,1.6527635395362165e-7,6.295682836857127e-5
0.039,-1.063313510440051,-0.18920272221232715,1.7157203679047878e-7,4.544155831176463e-5
0.04,-1.959434878635765e-15,-0.10084505093917072,1.7611619262165524e-7,2.4129986328261238e-5
0.041,1.0633135104400528,0.05258093889342695,1.7852919125448136e-7,1.2768507234583548e-5
0.042,1.2449491424413888,0.15252055467433523,1.7980604197793972e-7,1.8683338275291964e-5
0.043,0.6571638901489181,0.14700984465631253,1.816743758054689e-7,3.585101490887286e-5
0.044,0.11225699414489693,0.0895819466163044,1.852594772963562e-7,5.23972069378477e-5
0.045,0.0,0.04774717754649034,1.9049919799014098e-7,6.247602344638045e-5
0.046,-0.11225699414489582,0.014223546217789852,1.9674680033477902e-7,6.784355214654701e-5
0.047,-0.6571638901489156,-0.05813523888080937,2.0353115554943372e-7,6.94358523322703e-5
0.048,-1.2449491424413914,-0.15548099656761025,2.1047474078266077e-7,6.288027381017966e-5
0.049,-1.0633135104400473,-0.18920272221454087,2.1676276816367874e-7,4.5363718058464636e-5
0.05,4.656133759306296e-15,-0.10084505094035016,2.2129913996952522e-7,2.4050860659453494e-5
0.051,1.0633135104400446,0.05258093889279615,2.2370422603547057e-7,1.2688096464278144e-5
0.052,1.2449491424413908,0.152520554673999,2.2497303568189838e-7,1.8601642737636738e-5
0.053,0.6571638901489145,0.14700984465613293,2.2683319995566205e-7,3.576803492802152e-5
0.054,0.11225699414489704,0.0895819466162088,2.304100034484642e-7,5.231294281476755e-5
0.055,0.0,0.04774717754643948,2.3564129772994097e-7,6.2390475472483e-5
0.056,-0.11225699414489565,0.014223546217762832,2.418803452771893e-7,6.77567206208564e-5
0.057,-0.6571638901489194,-0.058135238880823996,2.486560173392749e-7,6.934773755957163e-5
0.058,-1.2449491424413894,-0.1554809965676176,2.555907910952321e-7,6.279087608904013e-5
0.059,-1.0633135104400555,-0.18920272221454532,2.618698787041361e-7,4.527303768475715e-5
0.06,-2.9391523179536475e-15,-0.10084505094035348,2.663971824726118e-7,2.3958897948862652e-5
0.061,1.0633135104400522,0.05258093889279586,2.687930722674981e-7,1.2594851767131323e-5
0.062,1.2449491424413908,0.15252055467399864,2.700525574442112e-7,1.8507116424410664e-5
0.063,0.6571638901489147,0.1470098446561328,2.7190326908665226e-7,3.5672227359240043e-5
0.064,0.1122569941448971,0.08958194661620886,2.7547049182257625e-7,5.2215854327824224e-5
0.065,0.0,0.047747177546439604,2.806920772553587e-7,6.229210639523897e-5
0.066,-0.11225699414489909,0.014223546217762631,2.869212878948826e-7,6.76570712887715e-5
0.067,-0.6571638901489192,-0.05813523888082392,2.936869950237598e-7,6.924680831385398e-5
0.068,-1.2449491424413928,-0.15548099656761769,3.0061167585514517e-7,6.268866726469092e-5
0.069,-1.0633135104400477,-0.1892027222145447,3.068805425816143e-7,4.516954961408654e-5
0.07,1.0781843677589415e-14,-0.100845050940352,3.1139749754302294e-7,2.3854130983948855e-5
0.071,1.063313510440044,0.05258093889279329,3.137829106414178e-7,1.2488806294617137e-5
0.072,1.244949142441391,0.15252055467399706,3.150317912708795e-7,1.8399792851037693e-5
0.073,0.657163890148923,0.14700984465613276,3.168717705559833e-7,3.556362608181428e-5
0.074,0.11225699414489726,0.08958194661620901,3.204281331641647e-7,5.210597572006825e-5
0.075,0.0,0.04774717754643979,3.256387307361715e-7,6.218095082136087e-5
0.076,-0.11225699414489537,0.014223546217763193,3.318568258183076e-7,6.754463912055753e-5
0.077,-0.6571638901489189,-0.05813523888082337,3.3861128973036337e-7,6.913309992882214e-5
0.078,-1.2449491424413892,-0.15548099656761677,3.455245997232456e-7,6.257368303416357e-5
0.079,-1.063313510440048,-0.18920272221454418,3.5178196802666193e-7,4.505328990669894e-5
0.08,-3.91886975727153e-15,-0.10084505094035345,3.5628729701733184e-7,2.373659618805353e-5
0.081,1.0633135104400515,0.05258093889279494,3.586609566361372e-7,1.2369996833042664e-5
0.082,1.2449491424413877,0.15252055467399728,3.5989795631944147e-7,1.8279709166658162e-5
0.083,0.6571638901489153,0.14700984465613215,3.617259272361073e-7,3.5442268607585695e-5
0.084,0.11225699414489382,0.08958194661620852,3.6527015409686586e-7,5.1983344865916674e-5
0.085,0.0,0.04774717754643966,3.7046848858345755e-7,6.205704698771886e-5
0.086,-0.11225699414489532,0.0142235462177637,3.766741932822294e-7,6.741946271541312e-5
0.087,-0.6571638901489107,-0.05813523888082206,3.834161395537707e-7,6.900665136587698e-5
0.088,-1.244949142441389,-0.15548099656761571,3.903168046903584e-7,6.244596272093684e-5
0.089,-1.0633135104400564,-0.18920272221454434,3.965614009624521e-7,4.492429824802705e-5
0.09,-4.408728476930472e-15,-0.1008450509403539,4.010538307872548e-7,2.360633360843421e-5
0.091,1.0633135104400515,0.05258093889279422,4.0341446414809824e-7,1.2238463791352139e-5
0.092,1.2449491424413912,0.1525205546739969,4.0463831052723345e-7,1.814690614175655e-5
0.093,0.6571638901489156,0.14700984465613198,4.064530011414091e-7,3.5308196068437536e-5
0.094,0.11225699414489754,0.08958194661620898,4.099838207482529e-7,5.1848003258516445e-5
0.095,0.0,0.047747177546440055,4.1516862107410454e-7,6.192043674859092e-5
0.096,-0.11225699414489876,0.014223546217763228,4.213606647489636e-7,6.728158428861258e-5
0.097,-0.6571638901489183,-0.05813523888082281,4.2808882317782486e-7,6.886750520115225e-5
0.098,-1.2449491424413925,-0.1554809965676161,4.349755736979401e-7,6.230554926186899e-5
0.099,-1.0633135104400486,-0.18920272221454365,4.41206128624127e-7,4.478261793551979e-5
0.1,9.312267518612591e-15,-0.10084505094035248,4.45684390417679e-7,2.3463386902991245e-5
0.101,1.063313510440051,0.05258093889279436,4.480307291079781e-7,1.2094251187747798e-5
0.102,1.244949142441395,0.1525205546739956,4.4924015422675283e-7,1.8001428154682365e-5
0.103,0.6571638901489238,0.14700984465613215,4.5104029704222106e-7,3.516145320271409e-5
0.104,0.11225699414489754,0.0895819466162093,4.545564423624925e-7,5.1699995996061024e-5
0.105,0.0,0.047747177546440374,4.5972644196209857e-7,6.177116556187664e-5
0.106,-0.11225699414489865,0.014223546217763533,4.659035585182862e-7,6.713104965761632e-5
0.107,-0.6571638901489101,-0.058135238880821546,4.7261666348404785e-7,6.871570761152296e-5
0.108,-1.2449491424413888,-0.15548099656761466,4.794882342452002e-7,6.215248919310491e-5
0.109,-1.0633135104400488,-0.18920272221454276,4.857034831645106e-7,4.4628295864447695e-5
0.11,8.82240879895365e-15,-0.1008450509403524,4.901663127509554e-7,2.3307803325970634e-5
0.111,1.0633135104400588,0.0525809388927945,4.924970930835525e-7,1.1937406635291344e-5
0.112,1.2449491424413917,0.15252055467399628,4.936908337470816e-7,1.7843323177148388e-5
0.113,0.6571638901489161,0.14700984465613176,4.954751660647964e-7,3.500208834061707e-5
0.114,0.11225699414489415,0.08958194661620902,4.989753748988582e-7,5.1539371767084805e-5
0.115,0.0,0.047747177546440416,5.041293120755667e-7,6.160928247429001e-5
0.116,-0.11225699414489487,0.014223546217764074,5.102902403229957e-7,6.696790822716279e-5
0.117,-0.6571638901489177,-0.0581352388808217,5.16987031145712e-7,6.855130835959503e-5
0.118,-1.244949142441385,-0.1554809965676126,5.238421619816714e-7,6.198683263496267e-5
0.119,-1.063313510440057,-0.18920272221454235,5.300408452451677e-7,4.4461382512686713e-5
0.12,-5.878304635907295e-15,-0.10084505094035408,5.344869834964364e-7,2.313963371264636e-5
0.121,1.0633135104400506,0.05258093889279207,5.36800946867701e-7,1.176798132648525e-5
0.122,1.244949142441388,0.15252055467399422,5.379777450003495e-7,1.767264275870988e-5
0.123,0.6571638901489244,0.1470098446561315,5.397450092762205e-7,3.483015338858212e-5
0.124,0.11225699414489787,0.0895819466162095,5.432280246150788e-7,5.1366182834738474e-5
0.125,0.0,0.04774717754644085,5.483646428985526e-7,6.143484010553354e-5
0.126,-0.11225699414489831,0.014223546217764116,5.54508126909106e-7,6.679221297334087e-5
0.127,-0.6571638901489254,-0.058135238880822115,5.611873482064401e-7,6.837436077767659e-5
0.128,-1.2449491424413885,-0.15548099656761405,5.680247842842077e-7,6.180863327580428e-5
0.129,-1.0633135104400495,-0.18920272221454218,5.742056476117882e-7,4.428193192448797e-5
0.13,7.842691359635767e-15,-0.10084505094035302,5.78633840804237e-7,2.2958932462989163e-5
0.131,1.0633135104400582,0.052580938892792625,5.80929734050536e-7,1.1586030016840676e-5
0.132,1.2449491424413845,0.15252055467399364,5.820883370522201e-7,1.7489442010233385e-5
0.133,0.6571638901489167,0.14700984465613048,5.838372812532434e-7,3.4645703812648466e-5
0.134,0.11225699414489443,0.0895819466162089,5.873018516345083e-7,5.118048502005736e-5
0.135,0.0,0.04774717754644075,5.92419900136514e-7,6.124789463146521e-5
0.136,-0.11225699414490176,0.014223546217763894,5.985446895996605e-7,6.660402042665582e-5
0.137,-0.6571638901489172,-0.05813523888082103,6.052050916423261e-7,6.818492175074323e-5
0.138,-1.244949142441392,-0.15548099656761333,6.120235838174005e-7,6.161794835490084e-5
0.139,-1.0633135104400417,-0.18920272221454085,6.181853786528905e-7,4.409000169324367e-5
0.14,2.156368735517883e-14,-0.1008450509403514,6.225943788222149e-7,2.276575752433178e-5
0.141,1.0633135104400342,0.05258093889278603,6.24870954574648e-7,1.139161100744117e-5
0.142,1.2449491424413954,0.15252055467399067,6.260101156753922e-7,1.729377958635682e-5
0.143,0.657163890148925,0.14700984465612973,6.277394936340278e-7,3.4448798620816647e-5
0.144,0.11225699414489815,0.08958194661620916,6.311843734961095e-7,5.098233768421914e-5
0.145,0.0,0.04774717754644111,6.362826072645314e-7,6.104850576625658e-5
0.146,-0.11225699414489099,0.01422354621776533,6.423874578411571e-7,6.640339065408748e-5
0.147,-0.657163890148909,-0.05813523888081907,6.490277969065658e-7,6.798305169839611e-5
0.148,-1.2449491424413883,-0.15548099656761136,6.558261020764054e-7,6.141483864428911e-5
0.149,-1.0633135104400502,-0.18920272221454043,6.619675859408343e-7,4.388565294324165e-5
0.15,6.8629739203178846e-15,-0.10084505094035318,6.663561512351585e-7,2.2560170373022962e-5
0.151,1.0633135104400417,0.05258093889278925,6.686121682724609e-7,1.118478612649564e-5
0.152,1.244949142441392,0.1525205546739915,6.697306468851105e-7,1.708571766694739e-5
0.153,0.6571638901489172,0.14700984465612943,6.714392186518052e-7,3.423950034440859e-5
0.154,0.1122569941448947,0.089581946616209,6.748631686862461e-7,5.077180370980379e-5
0.155,0.0,0.047747177546441255,6.799403490572265e-7,6.083673674355213e-5
0.156,-0.11225699414489443,0.014223546217765268,6.860240227315817e-7,6.619038724014951e-5
0.157,-0.6571638901489167,-0.05813523888081944,6.926430614555967e-7,6.776881455582079e-5
0.158,-1.2449491424413917,-0.15548099656761138,6.994199429111787e-7,6.119936842963121e-5
0.159,-1.0633135104400424,-0.1892027222145395,7.055398797541418e-7,4.3668950310426037e-5
0.16,-7.83773951454306e-15,-0.10084505094035463,7.099067747851844e-7,2.2342235995089404e-5
0.161,1.0633135104400495,0.05258093889278835,7.121409983846933e-7,1.0965620709905064e-5
0.162,1.2449491424413885,0.1525205546739901,7.132375604556838e-7,1.6865321937562457e-5
0.163,0.6571638901489096,0.14700984465612796,7.1492409264944e-7,3.4017875018426636e-5
0.164,0.11225699414489126,0.08958194661620822,7.183258801512827e-7,5.0548949481053274e-5
0.165,0.0,0.0477471775464411,7.23380775099388e-7,6.0612654296630346e-5
0.166,-0.11225699414489787,0.014223546217765046,7.294420405290509e-7,6.596507726695157e-5
0.167,-0.6571638901489244,-0.05813523888081987,7.360385482557461e-7,6.754227775375137e-5
0.168,-1.2449491424413952,-0.15548099656761133,7.427927760311213e-7,6.0971605490080644e-5
0.169,-1.0633135104400346,-0.1892027222145385,7.488899365801294e-7,4.343996192216525e-5
0.17,5.883256481000002e-15,-0.1008450509403533,7.532339327723459e-7,2.2112022865904297e-5
0.171,1.063313510440057,0.05258093889278882,7.554451350589364e-7,1.0734183580828124e-5
0.172,1.2449491424413923,0.15252055467398729,7.565185534170191e-7,1.6632661568921877e-5
0.173,0.6571638901489177,0.14700984465612732,7.581818195739113e-7,3.378399216092945e-5
0.174,0.11225699414490203,0.08958194661620932,7.615602187900043e-7,5.031384486314944e-5
0.175,0.0,0.04774717754644194,7.665916032763192e-7,6.037632863758323e-5
0.176,-0.11225699414489415,0.01422354621776608,7.726292361400775e-7,6.572753129328049e-5
0.177,-0.6571638901489161,-0.05813523888081803,7.792019892694056e-7,6.730351219745279e-5
0.178,-1.2449491424413843,-0.15548099656760864,7.859323404891509e-7,6.073162107716554e-5
0.179,-1.0633135104400588,-0.18920272221453924,7.920055025968674e-7,4.3198759376036365e-5
0.18,-8.817456953860943e-15,-0.10084505094035576,7.963253785344711e-7,2.1869602928873525e-5
0.181,1.0633135104400488,0.052580938892785645,7.985123388273584e-7,1.0490547028269914e-5
0.182,1.2449491424413888,0.15252055467398734,7.995613935301854e-7,1.638780919539614e-5
0.183,0.6571638901489261,0.1470098446561282,8.01200174449725e-7,3.353792475142167e-5
0.184,0.11225699414489865,0.08958194661620983,8.045539669248672e-7,5.0066563180505206e-5
0.185,0.0,0.04774717754644252,8.095606232429178e-7,6.0127833435508706e-5
0.186,-0.11225699414489754,0.014223546217766274,8.155734065864686e-7,6.547782333269444e-5
0.187,-0.6571638901489238,-0.05813523888081821,8.22121188919738e-7,6.70525922447169e-5
0.188,-1.2449491424413879,-0.15548099656760841,8.288264481442097e-7,6.047948989268635e-5
0.189,-1.063313510440051,-0.1892027222145381,8.348743971334783e-7,4.2945417717624294e-5
0.19,4.90353904168212e-15,-0.10084505094035442,8.391689389052408e-7,2.1615051573138035e-5
0.191,1.0633135104400566,0.05258093889278612,8.413304440625545e-7,1.0234786784689151e-5
0.192,1.2449491424413854,0.15252055467398656,8.423539227410235e-7,1.613084089251704e-5
0.193,0.6571638901489183,0.14700984465612704,8.439670068302752e-7,3.3279749208266e-5
0.194,0.1122569941448952,0.08958194661620927,8.472949817511018e-7,4.9807181194079e-5
0.195,0.0,0.04774717754644251,8.522756998705098e-7,5.98672457937287e-5
0.196,-0.11225699414490098,0.014223546217766163,8.582624244498827e-7,6.521603083064421e-5
0.197,-0.6571638901489314,-0.0581352388808185,8.647840275329471e-7,6.678959568288723e-5
0.198,-1.2449491424413912,-0.1554809965676082,8.714629871012358e-7,6.021529006564505e-5
0.199,-1.0633135104400435,-0.189202722214537,8.774845161078003e-7,4.268001541735579e-5
0.2,1.8624535037225183e-14,-0.10084505094035306,8.817525176495359e-7,2.1348447610309816e-5
0.201,1.0633135104400644,0.052580938892786505,8.838873624105668e-7,9.966982002634483e-6
0.202,1.244949142441389,0.1525205546739864,8.848840606108303e-7,1.586183615351634e-5
0.203,0.6571638901489107,0.14700984465612627,8.864702442261819e-7,3.300954536512669e-5
0.204,0.11225699414490597,0.08958194661621194,8.897711987626945e-7,4.953577907772241e-5
0.205,0.0,0.047747177546444246,8.947247766704667e-7,5.959464622604057e-5
0.206,-0.11225699414489021,0.014223546217768418,9.006842412930708e-7,6.494223464062842e-5
0.207,-0.6571638901489073,-0.05813523888081436,9.071784647571336e-7,6.651460370491799e-5
0.208,-1.2449491424413877,-0.15548099656760486,9.138299251276254e-7,5.99391031282075e-5
0.209,-1.0633135104400515,-0.18920272221453577,9.198238354404461e-7,4.2402634346364775e-5
0.21,3.923821602364237e-15,-0.10084505094035456,9.240640988750826e-7,2.1069873250241867e-5
0.211,1.063313510440056,0.052580938892783646,9.261710862001068e-7,9.687215230419796e-6
0.212,1.2449491424413854,0.15252055467398376,9.271398077231488e-7,1.5580877864905575e-5
0.213,0.6571638901489348,0.1470098446561273,9.286978955096394e-7,3.272739644645241e-5
0.214,0.11225699414490253,0.089581946616211,9.319706351542846e-7,4.925244039356876e-5
0.215,0.0,0.04774717754644405,9.368958791936415e-7,5.931011863200815e-5
0.216,-0.11225699414489365,0.014223546217768224,9.428268910568424e-7,6.4656518999388e-5
0.217,-0.657163890148915,-0.05813523888081466,9.492925429567812e-7,6.622770088447165e-5
0.218,-1.244949142441391,-0.1554809965676046,9.559153130452284e-7,5.965101399070365e-5
0.219,-1.063313510440044,-0.1892027222145346,9.618804144442988e-7,4.2113359751396074e-5
0.22,1.76448175979073e-14,-0.10084505094035329,9.660917504194383e-7,2.0779414075836365e-5
0.221,1.0633135104400637,0.052580938892783924,9.68169691827022e-7,9.39557238683795e-6
0.222,1.2449491424413823,0.1525205546739828,9.691092490657058e-7,1.5288052281095736e-5
0.223,0.6571638901489271,0.14700984465612604,9.706380542938155e-7,3.243338904200204e-5
0.224,0.11225699414489909,0.08958194661621044,9.738813931980156e-7,4.8957252066458715e-5
0.225,0.0,0.04774717754644409,9.787771184046616e-7,5.901375027129487e-5
0.226,-0.1122569941448971,0.014223546217768168,9.84678493431791e-7,6.435897150114561e-5
0.227,-0.6571638901489227,-0.058135238880814885,9.911143905819055e-7,6.592897515006547e-5
0.228,-1.2449491424413943,-0.15548099656760428,9.977072880969122e-7,5.9351110915682354e-5
0.229,-1.0633135104400364,-0.18920272221453338,1.0036423991884805e-6,4.181228022876754e-5
0.23,3.1365813593450365e-14,-0.10084505094035198,1.0078236272113573e-6,2.047715901691223e-5
0.231,1.0633135104400715,0.05258093889278412,1.0098713431130486e-6,9.092142734931912e-6
0.232,1.244949142441393,0.15252055467398315,1.0107805573865418e-6,1.4983448998071828e-5
0.233,0.6571638901489194,0.14700984465612552,1.012278902286349e-6,3.212761308042365e-5
0.234,0.11225699414489565,0.0895819466162103,1.0154916635943914e-6,4.865030435743097e-5
0.235,0.0,0.04774717754644552,1.0203566940301343e-6,5.870563173705831e-5
0.236,-0.11225699414488632,0.014223546217770291,1.02622725720384e-6,6.404968307090543e-5
0.237,-0.6571638901488986,-0.05813523888081075,1.0326322255109307e-6,6.561851775827608e-5
0.238,-1.2449491424413837,-0.15548099656760017,1.0391940772867583e-6,5.903948549102046e-5
0.239,-1.0633135104400604,-0.18920272221453333,1.0450980258358603e-6,4.149948769738438e-5
0.24,-1.175660927181459e-14,-0.100845050940357,1.0492479746055987e-6,2.0163200323125512e-5
0.241,1.0633135104400473,0.05258093889277768,1.0512642946379112e-6,8.777018854821993e-6
0.242,1.2449491424413897,0.15252055467397851,1.0521419965233934e-6,1.4667160926127193e-5
0.243,0.6571638901489117,0.14700984465612232,1.0536087126160062e-6,3.181016180189505e-5
0.244,0.11225699414489221,0.08958194661620875,1.0567897287961957e-6,4.8331690836265616e-5
0.245,0.0,0.0477471775464439,1.0616228978798223e-6,5.838585692840178e-5
0.246,-0.11225699414488977,0.014223546217769369,1.0674614835726625e-6,6.37287479368109e-5
0.247,-0.6571638901489063,-0.058135238880811395,1.0738343583663436e-6,6.52964232660035e-5
0.248,-1.244949142441387,-0.15548099656760003,1.0803640006929438e-6,5.871623260209226e-5
0.249,-1.0633135104400528,-0.1892027222145322,1.086235623953153e-6,4.117507737081417e-5
0.25,1.964386723728472e-15,-0.1008450509403558,1.0903531316902345e-6,1.9837633535951917e-5
0.251,1.063313510440055,0.052580938892777776,1.0923368950438297e-6,8.450296615598027e-6
0.252,1.244949142441386,0.15252055467397735,1.0931819247053896e-6,1.4339284261665499e-5
0.253,0.6571638901489041,0.147009844656121,1.0946158531315562e-6,3.148113172983545e-5
0.254,0.11225699414488882,0.08958194661620822,1.0977639663045397e-6,4.800150835310518e-5
0.255,0.0,0.04774717754644398,1.1025641171398502e-6,5.805452302190079e-5
0.256,-0.11225699414489321,0.014223546217769362,1.1083695694420403e-6,6.339626360158036e-5
0.257,-0.657163890148914,-0.05813523888081151,1.1147091958021983e-6,6.496278950181612e-5
0.258,-1.2449491424413905,-0.1554809965675996,1.1212054747523799e-6,5.8381450403025296e-5
0.259,-1.063313510440045,-0.18920272221453088,1.1270436197926823e-6,4.083914772845312e-5
0.26,1.5685382719271533e-14,-0.10084505094035454,1.1311275345655277e-6,1.950055745976033e-5
0.261,1.0633135104400626,0.05258093889277782,1.1330775903115038e-6,8.11207514629666e-6
0.262,1.2449491424413828,0.1525205546739761,1.1338887978261334e-6,1.3999918458081671e-5
0.263,0.6571638901488964,0.1470098446561196,1.1352887896719415e-6,3.114062264169153e-5
0.264,0.11225699414488538,0.08958194661620762,1.1384028519361108e-6,4.765985700914743e-5
0.265,0.0,0.04774717754644405,1.1431688376370256e-6,5.771173044220611e-5
0.266,-0.1122569941448966,0.014223546217769369,1.1489400106812462e-6,6.305233081301684e-5
0.267,-0.6571638901489216,-0.0581352388808116,1.1552452437625478e-6,6.461771753636752e-5
0.268,-1.2449491424413939,-0.1554809965675991,1.1617070155161846e-6,5.8035240287023524e-5
0.269,-1.0633135104400373,-0.18920272221452952,1.167510539544887e-6,4.0491800485756066e-5
0.27,2.9406378714814596e-14,-0.10084505094035325,1.1715597195934627e-6,1.9152074131951936e-5
0.271,1.0633135104400704,0.05258093889277786,1.1734749270066577e-6,7.76245680595214e-6
0.272,1.2449491424413792,0.15252055467397485,1.174251172687253e-6,1.3649166195724616e-5
0.273,0.6571638901488888,0.14700984465611822,1.1756160893068254e-6,3.0788737538811034e-5
0.274,0.11225699414489615,0.08958194661620851,1.1786949630607065e-6,4.7306840126428946e-5
0.275,0.0,0.04774717754644491,1.1834256470733494e-6,5.7357582831735836e-5
0.276,-0.11225699414490004,0.014223546217769799,1.189161405356523e-6,6.269705353361049e-5
0.277,-0.6571638901489293,-0.058135238880811464,1.1954311107098841e-6,6.426131165190899e-5
0.278,-1.2449491424413974,-0.15548099656759842,1.2018572418750751e-6,5.767770685579009e-5
0.279,-1.0633135104400298,-0.18920272221452808,1.207625012560654e-6,4.0133140563569455e-5
0.28,4.312737471035766e-14,-0.10084505094035197,1.211638326617011e-6,1.8792288792202926e-5
0.281,1.063313510440078,0.052580938892777804,1.2135175554962314e-6,7.401547152748127e-6
0.282,1.2449491424414043,0.15252055467397085,1.2142577102115063e-6,1.3287133350957846e-5
0.283,0.6571638901489446,0.14700984465612174,1.215586423546602e-6,3.04255826154126e-5
0.284,0.11225699414490692,0.08958194661621202,1.2186289818081434e-6,4.694256421670547e-5
0.285,0.0,0.04774717754644718,1.223323238229814e-6,5.699218701946589e-5
0.286,-0.11225699414488927,0.014223546217772408,1.2290224569317605e-6,6.233053890923898e-5
0.287,-0.6571638901489052,-0.05813523888080697,1.2352555108226844e-6,6.389367931090029e-5
0.288,-1.2449491424413865,-0.155480996567594,1.2416448787537745e-6,5.7308957888048877e-5
0.289,-1.063313510440054,-0.18920272221452783,1.2473757745425794e-6,3.9763276056563695e-5
0.29,4.951845092706862e-18,-0.100845050940357,1.2513521021482357e-6,1.842130985080724e-5
0.291,1.0633135104400222,0.05258093889276805,1.2531942331333165e-6,7.029454912270456e-6
0.292,1.2449491424414008,0.15252055467396985,1.2538971786245435e-6,1.2913928964323627e-5
0.293,0.657163890148937,0.1470098446561205,1.2551885715209759e-6,3.0051267226662115e-5
0.294,0.11225699414490348,0.08958194661621156,1.2581936982436421e-6,4.656713894943704e-5
0.295,0.0,0.04774717754644735,1.262850412138586e-6,5.661565298882543e-5
0.296,-0.11225699414489271,0.014223546217772477,1.2685119774374685e-6,6.195289723697369e-5
0.297,-0.6571638901489129,-0.05813523888080698,1.2747072671611659e-6,6.351493112372626e-5
0.298,-1.24494914244139,-0.1554809965675934,1.2810587602735385e-6,5.6929104307170645e-5
0.299,-1.0633135104400462,-0.1892027222145264,1.2867516707042555e-6,3.9382318200769245e-5
0.3,1.3725947840635769e-14,-0.10084505094035574,1.2906899025243324e-6,1.8039248856124866e-5
0.301,1.0633135104400298,0.05258093889276795,1.292493827409945e-6,6.646291944869972e-6
0.302,1.2449491424413974,0.15252055467396847,1.293158456604432e-6,1.2529665207818684e-5
0.303,0.6571638901489293,0.14700984465611905,1.2944114231252138e-6,2.966590385585835e-5
0.304,0.11225699414490004,0.08958194661621102,1.2973780135107997e-6,4.618067711888882e-5
0.305,0.0,0.04774717754644748,1.3019960812226886e-6,5.622809384471182e-5
0.306,-0.11225699414489615,0.01422354621777254,1.3076188906071599e-6,6.156424193200798e-5
0.307,-0.6571638901489205,-0.05813523888080699,1.3137753148003606e-6,6.312518081553891e-5
0.308,-1.2449491424413934,-0.15548099656759276,1.3200878328819146e-6,5.653826014793044e-5
0.309,-1.0633135104400386,-0.18920272221452497,1.3257416588967076e-6,3.899038134024893e-5
0.31,2.744694383617883e-14,-0.10084505094035454,1.3296406970307326e-6,1.7646220461165853e-5
0.311,1.0633135104400373,0.0525809388927678,1.3314053190768492e-6,6.25217321215494e-6
0.312,1.2449491424413939,0.15252055467396702,1.3320305363980648e-6,1.2134457351296118e-5
0.313,0.6571638901489216,0.14700984465611758,1.3332439821331943e-6,2.9269608080749193e-5
0.314,0.1122569941448966,0.0895819466162105,1.3361709429412692e-6,4.578329461035829e-5
0.315,0.0,0.047747177546447625,1.340749272402305e-6,5.5829625779629284e-5
0.316,-0.11225699414489959,0.014223546217772623,1.346332234980268e-6,6.116468949370817e-5
0.317,-0.6571638901489282,-0.05813523888080696,1.352448703929639e-6,6.272454519222061e-5
0.318,-1.244949142441397,-0.15548099656759207,1.358721158448861e-6,5.6136542522382195e-5
0.319,-1.0633135104400309,-0.18920272221452344,1.3643348127010992e-6,3.8587582892884406e-5
0.32,-1.567547902908612e-14,-0.10084505094035892,1.3681935709903876e-6,1.7242342389290983e-5
0.321,1.063313510440045,0.052580938892764634,1.3699178052293167e-6,5.847216742607643e-6
0.322,1.2449491424413905,0.15252055467396394,1.3705025269035774e-6,1.1728423727998203e-5
0.323,0.657163890148914,0.14700984465611522,1.3716753692763772e-6,2.88624985389777e-5
0.324,0.11225699414489321,0.0895819466162095,1.3745616191302749e-6,4.5375110365535645e-5
0.325,0.0,0.04774717754644753,1.3790991301668285e-6,5.542036803896379e-5
0.326,-0.11225699414490298,0.014223546217772581,1.3846411669707248e-6,6.0754359470802796e-5
0.327,-0.6571638901489358,-0.05813523888080699,1.390716602917805e-6,6.231314410548792e-5
0.328,-1.2449491424414003,-0.1554809965675914,1.3969479173283538e-6,5.5724071584877414e-5
0.329,-1.063313510440023,-0.18920272221452195,1.4025203244868414e-6,3.817404331530975e-5
0.33,-1.9544830335430583e-15,-0.10084505094035769,1.4063377288183724e-6,1.682773539905977e-5
0.331,1.0633135104400528,0.052580938892764426,1.4080205023582784e-6,5.4315435963489265e-6
0.332,1.244949142441387,0.15252055467396242,1.4085636567179132e-6,1.1311685699236341e-5
0.333,0.6571638901489063,0.1470098446561137,1.4096948252878368e-6,2.844469689267778e-5
0.334,0.11225699414488977,0.08958194661620893,1.4125392949771047e-6,4.495624634701494e-5
0.335,0.0,0.047747177546447674,1.417034919611806e-6,5.5000442885409555e-5
0.336,-0.11225699414490642,0.014223546217772672,1.422534963900347e-6,6.033337442572452e-5
0.337,-0.6571638901489435,-0.058135238880806954,1.4285683013429195e-6,6.189110041714887e-5
0.338,-1.2449491424414039,-0.15548099656759073,1.4347574113846343e-6,5.5300970496238e-5
0.339,-1.0633135104400473,-0.18920272221452367,1.4402875084342581e-6,3.7749886066999856e-5
0.34,1.1766512962000004e-14,-0.10084505094035819,1.4440624970409582e-6,1.6402523248234217e-5
0.341,1.0633135104400604,0.05258093889276326,1.4457027493657815e-6,5.005277829053724e-6
0.342,1.2449491424413837,0.15252055467396036,1.4462032771486868e-6,1.0884367618220361e-5
0.343,0.6571638901488986,0.1470098446561119,1.447291713910509e-6,2.8016327792218313e-5
0.344,0.11225699414490053,0.08958194661621285,1.4500933466897306e-6,4.452682750195277e-5
0.345,0.0,0.047747177546450206,1.4545460294399258e-6,5.456997556254415e-5
0.346,-0.11225699414489565,0.014223546217775461,1.4600030269961802e-6,5.9901859898101666e-5
0.347,-0.6571638901488877,-0.058135238880799085,1.4659932129859904e-6,6.145853996251126e-5
0.348,-1.2449491424413788,-0.15548099656758296,1.4721390669822415e-6,5.486736538708191e-5
0.349,-1.0633135104400715,-0.18920272221452158,1.4776258035209498e-6,3.731523757351355e-5
0.35,-3.135590990326495e-14,-0.10084505094036236,1.4813573272783012e-6,1.596683265694018e-5
0.351,1.0633135104400364,0.052580938892757,1.4829540105439951e-6,4.568546455032009e-6
0.352,1.2449491424413943,0.15252055467395703,1.4834108651894984e-6,1.0446596793057536e-5
0.353,0.6571638901489227,0.14700984465611258,1.4844555248688042e-6,2.7577518839120064e-5
0.354,0.1122569941448971,0.08958194661621033,1.4872132767527163e-6,4.4086981724907786e-5
0.355,0.0,0.047747177546449325,1.491621974925207e-6,5.412909425758329e-5
0.356,-0.11225699414488488,0.014223546217776425,1.4970348843509653e-6,5.9459944367429296e-5
0.357,-0.6571638901488952,-0.05813523888079854,1.5029808787877082e-6,6.1015591512970086e-5
0.358,-1.2449491424413823,-0.15548099656758196,1.5090824379390053e-6,5.442338532032479e-5
0.359,-1.0633135104400637,-0.1892027222145199,1.5145247764710377e-6,3.687022718890986e-5
0.36,-1.7634913907721887e-14,-0.10084505094036106,1.5182117991899288e-6,1.5520793269999094e-5
0.361,1.063313510440044,0.05258093889275672,1.5197638785169286e-6,4.1214794094791475e-6
0.362,1.244949142441391,0.15252055467395545,1.5201760264578765e-6,9.998503448922774e-6
0.363,0.657163890148915,0.14700984465611103,1.5211758768027688e-6,2.7128400548144323e-5
0.364,0.11225699414489365,0.08958194661620977,1.5238887168575832e-6,4.363683981983713e-5
0.365,0.0,0.047747177546449485,1.528252400839567e-6,5.367793006329954e-5
0.366,-0.11225699414488832,0.014223546217776543,1.533620193845897e-6,5.900775921490862e-5
0.367,-0.657163890148903,-0.05813523888079846,1.539520969767388e-6,6.0562386737767096e-5
0.368,-1.2449491424413857,-0.15548099656758116,1.5455772084411646e-6,5.396916225286338e-5
0.369,-1.063313510440056,-0.18920272221451834,1.550974124666451e-6,3.641498715735482e-5
0.37,-3.9139179121788235e-15,-0.10084505094035982,1.5546156233821865e-6,1.5064537618455576e-5
0.371,1.0633135104400515,0.05258093889275643,1.556122077144032e-6,3.664209509919688e-6
0.372,1.2449491424413877,0.1525205546739538,1.556488498095024e-6,9.540220689417987e-6
0.373,0.6571638901489073,0.14700984465610945,1.5574425201639659e-6,2.6669106308570635e-5
0.374,0.11225699414489021,0.08958194661620923,1.560109430794823e-6,4.317653546130447e-5
0.375,0.0,0.04774717754644966,1.5644270843409534e-6,5.321661693914663e-5
0.376,-0.11225699414489176,0.014223546217776661,1.569748746034868e-6,5.8545438684489074e-5
0.377,-0.6571638901489107,-0.05813523888079834,1.575603289903317e-6,6.009906016495201e-5
0.378,-1.244949142441389,-0.15548099656758033,1.5816131959198123e-6,5.3504830996453386e-5
0.379,-1.0633135104400484,-0.18920272221451673,1.5869636790194577e-6,3.5949652573916566e-5
0.38,9.80707808336424e-15,-0.1008450509403586,1.5905586442768493e-6,1.4598201080292047e-5
0.381,1.0633135104400593,0.05258093889275613,1.5920184643848785e-6,3.196872416844529e-6
0.382,1.244949142441384,0.1525205546739522,1.592338151626563e-6,9.071884457132236e-6
0.383,0.6571638901488996,0.1470098446561079,1.5932453400722762e-6,2.6199772344678214e-5
0.384,0.11225699414488677,0.08958194661620869,1.595865317306744e-6,4.2706205154876385e-5
0.385,0.0,0.04774717754644985,1.6001359378222316e-6,5.274529167157784e-5
0.386,-0.1122569941448952,0.014223546217776807,1.6054104669893893e-6,5.807311984310842e-5
0.387,-0.6571638901489183,-0.0581352388807982,1.6112177789737002e-6,5.962574914154351e-5
0.388,-1.2449491424413925,-0.15548099656757952,1.6171803538878546e-6,5.3030529177792276e-5
0.389,-1.0633135104400409,-0.18920272221451517,1.6224834068056339e-6,3.54743613445698e-5
0.39,2.3528074078907303e-14,-0.10084505094035741,1.6260308429400908e-6,1.4121921840354596e-5
0.391,1.063313510440067,0.05258093889275574,1.6274430351241263e-6,2.719606593557577e-6
0.392,1.2449491424413808,0.15252055467395048,1.6277149957834822e-6,8.59363349340926e-6
0.393,0.657163890148892,0.14700984465610625,1.628574359132823e-6,2.572053767543489e-5
0.394,0.11225699414488338,0.08958194661620815,1.6311464129003665e-6,4.2225988196734236e-5
0.395,0.0,0.04774717754645004,1.63536901172004e-6,5.2264093833579713e-5
0.396,-0.11225699414489865,0.014223546217776939,1.640595421103398e-6,5.7590942540148275e-5
0.397,-0.6571638901489261,-0.05813523888079809,1.6463545153574128e-6,5.9142593792906965e-5
0.398,-1.2449491424413959,-0.1554809965675787,1.6522687747367036e-6,5.254639719781929e-5
0.399,-1.063313510440033,-0.18920272221451356,1.6575234144564856e-6,3.4989254145418354e-5
0.4,3.7249070074450366e-14,-0.1008450509403562,1.6610223398710274e-6,1.3635840849498025e-5
0.401,1.0633135104400746,0.05258093889275539,1.662385923955977e-6,2.232553265243442e-6
0.402,1.2449491424413774,0.15252055467394882,1.6626091792825015e-6,8.105609297337943e-6
0.403,0.6571638901488843,0.14700984465610467,1.6634197402122354e-6,2.523154407341054e-5
0.404,0.11225699414489415,0.08958194661620904,1.6659428946195764e-6,4.17360266325107e-5
0.405,0.0,0.04774717754645099,1.6701164972828274e-6,5.177316574343172e-5
0.406,-0.11225699414490203,0.014223546217777494,1.6752938138571706e-6,5.709904936611713e-5
0.407,-0.6571638901489019,-0.05813523888079053,1.6810037187937821e-6,5.8649736981360853e-5
0.408,-1.2449491424413708,-0.15548099656757097,1.6868686924919182e-6,5.205257819024618e-5
0.409,-1.063313510440057,-0.18920272221451145,1.6920739503109428e-6,3.4494474381150246e-5
0.41,-6.27167716516226e-14,-0.10084505094036608,1.6955233977490579e-6,1.3140101782964682e-5
0.411,1.0633135104400506,0.052580938892745954,1.6968374079273544e-6,1.7358563772688265e-6
0.412,1.2449491424414023,0.15252055467394515,1.6970109935650813e-6,7.607956083976618e-6
0.413,0.6571638901489085,0.1470098446561052,1.697771789173479e-6,2.4732936022925154e-5
0.414,0.11225699414490503,0.08958194661621108,1.7002450827757715e-6,4.123646521536213e-5
0.415,0.0,0.04774717754645256,1.7043687292973078e-6,5.127265242270273e-5
0.416,-0.11225699414489126,0.01422354621777979,1.7094959945395782e-6,5.6597585610571104e-5
0.417,-0.6571638901488779,-0.05813523888079008,1.7151557531006354e-6,5.8147324264022505e-5
0.418,-1.2449491424413885,-0.15548099656757142,1.7209704855270376e-6,5.154921797932435e-5
0.419,-1.0633135104400813,-0.18920272221451373,1.72612540732497e-6,3.3990168142726405e-5
0.42,7.847643204728474e-15,-0.10084505094036127,1.7295244241392425e-6,1.2634850997997488e-5
0.421,1.0633135104400264,0.05258093889274436,1.7307879092390423e-6,1.2296625527260715e-6
0.422,1.2449491424413845,0.15252055467394135,1.7309108754943149e-6,7.100820741825787e-6
0.423,0.6571638901489325,0.14700984465610564,1.7316209575684974e-6,2.422486067744762e-5
0.424,0.11225699414488727,0.08958194661621019,1.7340434436362422e-6,4.072745136329224e-5
0.425,0.0,0.047747177546452566,1.7381161887725715e-6,5.076270155349993e-5
0.426,-0.11225699414488038,0.014223546217781283,1.7431924589279215e-6,5.6086699219288445e-5
0.427,-0.6571638901489172,-0.058135238880792375,1.7488011288498503e-6,5.763550384990708e-5
0.428,-1.2449491424413779,-0.15548099656757047,1.7545646792348411e-6,5.103646503687444e-5
0.429,-1.0633135104400417,-0.1892027222145089,1.7596683257385285e-6,3.3476484164341603e-5
0.43,-3.527477966053648e-14,-0.10084505094036406,1.7630159741549626e-6,1.2120237490729518e-5
0.431,1.063313510440066,0.05258093889274498,1.7642279979040355e-6,7.141210492394936e-7
0.432,1.2449491424413954,0.1525205546739416,1.7642994100089595e-6,6.5843527895554645e-6
0.433,0.6571638901488932,0.1470098446561019,1.764957845287915e-6,2.3707467816249465e-5
0.434,0.11225699414489815,0.08958194661620997,1.76732859206954e-6,4.020913511573271e-5
0.435,0.0,0.04774717754645294,1.7713495055811133e-6,5.024346343497766e-5
0.436,-0.11225699414489815,0.01422354621778009,1.7763738519246112e-6,5.556654075070603e-5
0.437,-0.6571638901488932,-0.05813523888078975,1.7819305059996817e-6,5.7114426556292555e-5
0.438,-1.2449491424413954,-0.1554809965675697,1.787641948655311e-6,5.051447043857669e-5
0.439,-1.063313510440066,-0.1892027222145105,1.7926933956991686e-6,3.295357377963816e-5
0.44,3.52896351958146e-14,-0.1008450509403589,1.7959887530771325e-6,1.159641285232056e-5
0.441,1.0633135104400417,0.05258093889274351,1.7971483943623646e-6,1.8938371503925801e-7
0.442,1.2449491424413779,0.15252055467393788,1.7971673327338685e-6,6.05870433200949e-6
0.443,0.6571638901489172,0.1470098446561024,1.7977732031670695e-6,2.318090980033544e-5
0.444,0.11225699414488038,0.08958194661620912,1.800091294147103e-6,3.968166908940349e-5
0.445,0.0,0.047747177546452975,1.8040594610560433e-6,4.971509093912444e-5
0.446,-0.11225699414488727,0.014223546217781588,1.8090309701499558e-6,5.5037263331633885e-5
0.447,-0.6571638901489325,-0.058135238880792056,1.8145346964831192e-6,5.658424576436292e-5
0.448,-1.2449491424413845,-0.15548099656756864,1.8201931210595556e-6,4.998338781954045e-5
0.449,-1.0633135104400264,-0.18920272221450557,1.8251914598415096e-6,3.242159087720554e-5
0.45,-7.832787669450353e-15,-0.1008450509403616,1.8284336189292302e-6,1.106353122439126e-5
0.451,1.0633135104400813,0.05258093889274422,1.8295399720516694e-6,-3.44395055683376e-7
0.452,1.2449491424413885,0.15252055467393819,1.829505532546101e-6,5.5240300154906355e-6
0.453,0.6571638901488779,0.14700984465609868,1.83005793554765e-6,2.264534152766095e-5
0.454,0.11225699414489126,0.0895819466162089,1.832322469700416e-6,3.914520843345623e-5
0.455,0.0,0.04774717754645334,1.8362369905437617e-6,4.917773946583659e-5
0.456,-0.11225699414490503,0.014223546217780401,1.8411547644903453e-6,5.449902261225888e-5
0.457,-0.6571638901489085,-0.05813523888078941,1.8466046667515713e-6,5.6045117374139694e-5
0.458,-1.2449491424414023,-0.15548099656756786,1.8522091784889852e-6,4.944337332916963e-5
0.459,-1.0633135104400506,-0.1892027222145072,1.8571535158219021e-6,3.1880691855375534e-5
0.46,6.273162718690073e-14,-0.10084505094035645,1.8603415850074397e-6,1.0521749253742548e-5
0.461,1.063313510440057,0.05258093889274276,1.8613937599328139e-6,-8.870583681192878e-7
0.462,1.2449491424413708,0.15252055467393444,1.8613050540960019e-6,4.980486982345821e-6
0.463,0.6571638901489019,0.14700984465609915,1.8618031027942365e-6,2.2100920387644207e-5
0.464,0.11225699414490203,0.08958194661621091,1.8640131948330009e-6,3.859991078392082e-5
0.465,0.0,0.04774717754645492,1.867873185911393e-6,4.863156689729544e-5
0.466,-0.11225699414489426,0.014223546217782712,1.8727363426011225e-6,5.395197672045267e-5
0.467,-0.6571638901489478,-0.05813523888079128,1.8781315402731678e-6,5.549719975872335e-5
0.468,-1.2449491424413917,-0.15548099656756664,1.8836812602490402e-6,4.889458558533094e-5
0.469,-1.0633135104400746,-0.18920272221450668,1.8885707188075732e-6,3.13310355763229e-5
0.47,1.9609204321635772e-14,-0.10084505094036154,1.8917038223652054e-6,9.97122604639306e-6
0.471,1.063313510440033,0.05258093889273581,1.8927009449698446e-6,-1.438446872879865e-6
0.472,1.24494914244141,0.1525205546739335,1.8925571002825565e-6,4.428234824860541e-6
0.473,0.6571638901489261,0.14700984465610112,1.8929999237650427e-6,2.154780621499597e-5
0.474,0.1122569941449128,0.08958194661621371,1.8951547043865423e-6,3.804593621746401e-5
0.475,0.0,0.0477471775464569,1.8989592980082887e-6,4.8076733551657566e-5
0.476,-0.11225699414488338,0.014223546217785252,1.9037669713634545e-6,5.339628621539402e-5
0.477,-0.6571638901489238,-0.0581352388807867,1.909106599984994e-6,5.494065371784573e-5
0.478,-1.2449491424413808,-0.15548099656756204,1.9146006653567784e-6,4.8337185627843325e-5
0.479,-1.063313510440035,-0.18920272221450174,1.9194343839195628e-6,3.0772783319482835e-5
0.48,-2.351321854362918e-14,-0.10084505094036425,1.922511662251511e-6,9.412123120926222e-6
0.481,1.0633135104400089,0.05258093889273016,1.9234528745636037e-6,-1.9983988127097074e-6
0.482,1.2449491424413925,0.15252055467392756,1.923253034682333e-6,3.867435538480246e-6
0.483,0.65716389014895,0.14700984465610042,1.923639778236181e-6,2.0986161242870827e-5
0.484,0.1122569941448952,0.08958194661621224,1.925738394360468e-6,3.7483447204475146e-5
0.485,0.0,0.047747177546456604,1.9294867390809156e-6,4.751340213607401e-5
0.486,-0.11225699414490098,0.014223546217783725,1.934238079294523e-6,5.2832114040521565e-5
0.487,-0.6571638901488996,-0.05813523888078423,1.939521290698575e-6,5.437564243075749e-5
0.488,-1.2449491424413983,-0.1554809965675613,1.944958854941651e-6,4.777133687129476e-5
0.489,-1.0633135104400593,-0.18920272221450338,1.9497359886287803e-6,3.0206098734310053e-5
0.49,4.70511963127219e-14,-0.1008450509403591,1.9527565985022114e-6,8.844604361182805e-6
0.491,1.0633135104400484,0.05258093889273509,1.95364105893833e-6,-2.566750069864035e-6
0.492,1.2449491424414032,0.15252055467393005,1.9533843839313436e-6,3.298253474366545e-6
0.493,0.6571638901489107,0.1470098446560979,1.9537142092787804e-6,2.0416150055361998e-5
0.494,0.11225699414490597,0.08958194661621263,1.9557558242843166e-6,3.691260856149638e-5
0.495,0.0,0.04774717754645729,1.9594470851404663e-6,4.6941737699057016e-5
0.496,-0.11225699414489021,0.014223546217785557,1.964141258910372e-6,5.2259625475836484e-5
0.497,-0.6571638901489392,-0.058135238880786366,1.9693672214579557e-6,5.380233140846734e-5
0.498,-1.2449491424413877,-0.15548099656756023,1.9747474545988026e-6,4.719720505721971e-5
0.499,-1.06331351044002,-0.18920272221449846,1.9794671751045246e-6,2.9631147792384394e-5
0.5,3.928773447456944e-15,-0.10084505094036182,1.982430289883763e-6,8.268835968306195e-6
0.501,1.0633135104400244,0.052580938892729454,1.983257173480594e-6,-3.1433342141293096e-6
0.502,1.2449491424413854,0.1525205546739241,1.982942840059181e-6,2.7208552913087124e-6
0.503,0.6571638901489347,0.14700984465609718,1.983214925588312e-6,1.9837939539343074e-5
0.504,0.11225699414488832,0.08958194661621116,1.985198719542246e-6,3.63335874030003e-5
0.505,0.0,0.047747177546457006,1.988832078282546e-6,4.6361907582191555e-5
0.506,-0.11225699414490786,0.01422354621778403,1.993468269040765e-6,5.167898808954916e-5
0.507,-0.657163890148915,-0.05813523888078391,1.99863616784972e-6,5.322088844532235e-5
0.508,-1.2449491424414052,-0.15548099656755954,2.0039582566942523e-6,4.661495820561671e-5
0.509,-1.063313510440044,-0.18920272221450013,2.008619752514814e-6,2.9048098738868268e-5
0.51,-3.9193649417808005e-14,-0.10084505094036808,2.011524562388701e-6,7.68498641213124e-6
0.511,1.0633135104400637,0.052580938892728246,2.012293061029914e-6,-3.727982551492584e-6
0.512,1.2449491424413963,0.1525205546739234,2.0119202627747647e-6,2.1354099069990924e-6
0.513,0.6571638901488952,0.14700984465609293,2.0121338037654646e-6,1.9251698835687617e-5
0.514,0.11225699414489909,0.08958194661621063,2.0140589736490335e-6,3.574655309254578e-5
0.515,0.0,0.0477471775464572,2.017633628958288e-6,4.577408137123068e-5
0.516,-0.1122569941448971,0.014223546217785592,2.022211037095411e-6,5.109037168911334e-5
0.517,-0.6571638901489545,-0.05813523888078621,2.0273200742643224e-6,5.263148356998316e-5
0.518,-1.2449491424413943,-0.1554809965675586,2.032583222621321e-6,4.602476656585831e-5
0.519,-1.0633135104400044,-0.18920272221449527,2.0371856992779065e-6,2.8457122043354564e-5
0.52,3.1370765438543066e-14,-0.10084505094035942,2.0400314114822418e-6,7.093226381976365e-6
0.521,1.0633135104400395,0.05258093889272866,2.0407407341204396e-6,-4.320524173411574e-6
0.522,1.2449491424413788,0.15252055467392073,2.0403086817030986e-6,1.542088448695644e-6
0.523,0.6571638901489194,0.14700984465609399,2.040462890547968e-6,1.8657599289864805e-5
0.524,0.1122569941448815,0.0895819466162101,2.042328650476955e-6,3.5151677193315193e-5
0.525,0.0,0.047747177546457395,2.0458438181962862e-6,4.517843084657075e-5
0.526,-0.11225699414491469,0.014223546217784322,2.0503616612809435e-6,5.0493948271639976e-5
0.527,-0.6571638901489304,-0.058135238880783646,2.0554110561081074e-6,5.203428899577436e-5
0.528,-1.244949142441412,-0.15548099656755784,2.060614485007685e-6,4.5426802566985236e-5
0.529,-1.0633135104400286,-0.1892027222144969,2.0651571652643832e-6,2.7858390350100272e-5
0.53,-1.1751657426721884e-14,-0.10084505094036562,2.0679430042993934e-6,6.493728736811245e-6
0.531,1.063313510440079,0.052580938892727594,2.0685923771730744e-6,-4.9207860067139664e-6
0.532,1.2449491424413897,0.15252055467392012,2.068100298572403e-6,9.410642032647385e-7
0.533,0.6571638901488799,0.14700984465608977,2.0681944049927294e-6,1.805581440192608e-5
0.534,0.11225699414489226,0.08958194661620957,2.069999986432922e-6,3.454913341803767e-5
0.535,0.0,0.04774717754645758,2.073454899774726e-6,4.457512993311575e-5
0.536,-0.11225699414490392,0.014223546217785876,2.0779124127680376e-6,4.988989197370263e-5
0.537,-0.6571638901489698,-0.05813523888078592,2.082901401965408e-6,5.1429479070433434e-5
0.538,-1.2449491424414014,-0.15548099656755687,2.088044349872451e-6,4.4821240767392016e-5
0.539,-1.0633135104400528,-0.18920272221449844,2.0925264739491903e-6,2.7252078427653423e-5
0.54,5.881275742962919e-14,-0.10084505094036039,2.0952516817919555e-6,5.886668454830114e-6
0.541,1.063313510440055,0.05258093889272622,2.0958403486374386e-6,-5.528592864070949e-6
0.542,1.244949142441372,0.15252055467391648,2.0952874893510315e-6,3.3251256664974187e-7
0.543,0.6571638901489041,0.1470098446560903,2.0953207406076965e-6,1.7446519775913217e-5
0.544,0.11225699414487461,0.08958194661620873,2.097065392585288e-6,3.393909757834363e-5
0.545,0.0,0.04774717754645762,2.1004593023431225e-6,4.396435464957375e-5
0.546,-0.11225699414492157,0.014223546217784516,2.10485573780808e-6,4.927837902057595e-5
0.547,-0.6571638901489457,-0.05813523888078344,2.1097835757101375e-6,5.081723022528901e-5
0.548,-1.2449491424413905,-0.15548099656755338,2.1148652987326665e-6,4.4208257803952076e-5
0.549,-1.0633135104400133,-0.18920272221449222,2.1192861245130617e-6,2.6638363117920997e-5
0.55,1.569033456436424e-14,-0.1008450509403624,2.1219499608248537e-6,5.272222582460414e-6
0.551,1.0633135104400944,0.052580938892727316,2.1224771830831e-6,-6.14376749505699e-6
0.552,1.2449491424413828,0.152520554673917,2.121862806333594e-6,-2.8338900724598784e-7
0.553,0.6571638901488646,0.1470098446560867,2.1218344674328694e-6,1.6829893068686942e-5
0.554,0.11225699414488538,0.08958194661620858,2.123517456739738e-6,3.332174753353228e-5
0.555,0.0,0.047747177546458006,2.126849631493091e-6,4.334628305716809e-5
0.556,-0.1122569941449108,0.014223546217786175,2.131184259798808e-6,4.865958767489071e-5
0.557,-0.6571638901489851,-0.05813523888078568,2.1360502185662972e-6,5.0197720923862315e-5
0.558,-1.244949142441408,-0.15548099656755524,2.1410699906586836e-6,4.358803234055882e-5
0.559,-1.0633135104400373,-0.18920272221449524,2.1454287938927397e-6,2.601742328465273e-5
0.56,8.625474942071532e-14,-0.10084505094035794,2.148030536221205e-6,4.650570182787925e-6
0.561,1.0633135104400704,0.052580938892725596,2.148495593239484e-6,-6.766130637771589e-6
0.562,1.244949142441365,0.15252055467391318,2.1478189801757066e-6,-9.06461058237362e-7
0.563,0.6571638901489523,0.1470098446560941,2.147728334069883e-6,1.6206113938188356e-5
0.564,0.11225699414492452,0.08958194661621705,2.1493489454637017e-6,3.2697263138782765e-5
0.565,0.0,0.047747177546462974,2.15261867177758e-6,4.272109520779419e-5
0.566,-0.11225699414487167,0.014223546217793107,2.1568907812983597e-6,4.803369818473603e-5
0.567,-0.6571638901488975,-0.05813523888077243,2.1616941511168334e-6,4.957113160991297e-5
0.568,-1.244949142441369,-0.15548099656754322,2.166651264277825e-6,4.296074501612243e-5
0.569,-1.0633135104400615,-0.18920272221449091,2.170947338779437e-6,2.538943976138771e-5
0.57,-7.055451116616566e-14,-0.10084505094037227,2.173486282755576e-6,4.0218922834557686e-6
0.571,1.0633135104400462,0.05258093889271384,2.1738884719839214e-6,-7.395501071002386e-6
0.572,1.2449491424414043,0.1525205546739098,2.1731489218768213e-6,-1.5365221720739112e-6
0.573,0.6571638901489764,0.14700984465609415,2.172995269659614e-6,1.5575363991181562e-5
0.574,0.11225699414490692,0.08958194661621596,2.1745528060587324e-6,3.2065826192836705e-5
0.575,0.0,0.04774717754646286,2.177759388678016e-6,4.2088973091644936e-5
0.576,-0.11225699414488927,0.01422354621779165,2.1819682859871806e-6,4.74008927312296e-5
0.577,-0.6571638901488734,-0.05813523888077002,2.1867083752603036e-6,4.8937644654954685e-5
0.578,-1.2449491424413865,-0.1554809965675426,2.191602139725799e-6,4.232657839202395e-5
0.579,-1.0633135104400857,-0.1892027222144926,2.195834797565001e-6,2.4754595298847598e-5
0.58,9.903690185413723e-18,-0.10084505094036707,2.198310257094886e-6,3.3863718239976924e-6
0.581,1.0633135104400222,0.052580938892712606,2.1986488942772857e-6,-8.031695666932861e-6
0.582,1.244949142441415,0.15252055467390907,2.1978457247105922e-6,-2.1733890331965258e-6
0.583,0.657163890148937,0.14700984465608988,2.1976283858072727e-6,1.4937826730423935e-5
0.584,0.11225699414491769,0.08958194661621537,2.199122168480315e-6,3.142762038512254e-5
0.585,0.0,0.04774717754646298,2.2022649305188273e-6,4.1450100584289146e-5
0.586,-0.1122569941448785,0.014223546217793141,2.206409940577256e-6,4.676135537554749e-5
0.587,-0.6571638901489129,-0.058135238880772384,2.211086076114811e-6,4.829744430523809e-5
0.588,-1.2449491424413759,-0.15548099656754177,2.2159158205453347e-6,4.168571689905549e-5
0.589,-1.0633135104400462,-0.18920272221448786,2.2200843922352404e-6,2.4113074511834665e-5
0.59,-4.3112519175079537e-14,-0.1008450509403698,2.2224956996864237e-6,2.7441936026912646e-6
0.591,1.0633135104400615,0.0525809388927134,2.222770119046693e-6,-8.674529444354728e-6
0.592,1.2449491424413974,0.1525205546739067,2.2219026661022576e-6,-2.816876478007096e-6
0.593,0.657163890148961,0.1470098446560911,2.221620978454457e-6,1.429368750136429e-5
0.594,0.11225699414490004,0.08958194661621485,2.2230503472045935e-6,3.0782831242401535e-5
0.595,0.0,0.04774717754646315,2.2261286303288335e-6,4.080466339326289e-5
0.596,-0.11225699414489615,0.01422354621779183,2.2302090966681597e-6,4.6115272005463036e-5
0.597,-0.6571638901488888,-0.05813523888076991,2.234820623868706e-6,4.7650716628234726e-5
0.598,-1.2449491424413934,-0.1554809965675412,2.2395856955315297e-6,4.103834678385114e-5
0.599,-1.0633135104400704,-0.18920272221448964,2.243689530209915e-6,2.3465063825607373e-5
0.6,2.7451895681271538e-14,-0.10084505094036464,2.2460360365924754e-6,2.095544222878049e-6
0.601,1.0633135104400373,0.05258093889271212,2.2462455910147634e-6,-9.323815622384947e-6
0.602,1.244949142441408,0.15252055467390602,2.245313209452525e-6,-3.4667975486310857e-6
0.603,0.6571638901489216,0.14700984465608682,2.2449665296976618e-6,1.3643133438323304e-5
0.604,0.1122569941449108,0.08958194661621426,2.246330843041494e-6,3.013164607489609e-5
0.605,0.0,0.047747177546463286,2.249344007648984e-6,4.0152849004150136e-5
0.606,-0.11225699414488538,0.014223546217793329,2.2533592925493987e-6,4.546283028137934e-5
0.607,-0.6571638901489282,-0.058135238880772294,2.2579055755775367e-6,4.6997649458624295e-5
0.608,-1.2449491424413828,-0.15548099656754039,2.262605340523399e-6,4.0384656054823184e-5
0.609,-1.0633135104400309,-0.18920272221448486,2.2666438061288815e-6,2.2810751421769883e-5
0.61,-1.5670527183993413e-14,-0.10084505094036733,2.2689248812710585e-6,1.4406120388108876e-6
0.611,1.0633135104400133,0.05258093889270668,2.2690689424749396e-6,-9.979365674674754e-6
0.612,1.2449491424413905,0.15252055467390035,2.2680710059074722e-6,-4.122963547174541e-6
0.613,0.6571638901489457,0.1470098446560863,2.2676587095527546e-6,1.2986353410188805e-5
0.614,0.11225699414489321,0.0895819466162128,2.2689573448937736e-6,2.947425392194224e-5
0.615,0.0,0.04774717754646293,2.2719047702859676e-6,3.94948466261879e-5
0.616,-0.11225699414490298,0.014223546217791726,2.2758542549485862e-6,4.480421958188734e-5
0.617,-0.6571638901489041,-0.05813523888077,2.280334676906775e-6,4.6338432343803156e-5
0.618,-1.2449491424414003,-0.15548099656753991,2.2849685201411554e-6,3.9724834427628184e-5
0.619,-1.063313510440055,-0.1892027222144867,2.2889410035839182e-6,2.2150327183691276e-5
0.62,5.489388767235766e-14,-0.10084505094036214,2.2911560363022874e-6,7.795871010206996e-7
0.621,1.0633135104400528,0.05258093889271184,2.2912339950123895e-6,-1.0640989384082093e-5
0.622,1.2449491424414014,0.15252055467390319,2.2901698960739813e-6,-4.785184090441034e-6
0.623,0.6571638901489063,0.1470098446560839,2.289691377664937e-6,1.2323537965656231e-5
0.624,0.11225699414490398,0.08958194661621319,2.2909237314615027e-6,2.8810845497180288e-5
0.625,0.0,0.04774717754646355,2.2938048160112207e-6,3.8830847137411664e-5
0.626,-0.11225699414489221,0.01422354621779346,2.2976879007249617e-6,4.413963094886589e-5
0.627,-0.6571638901489435,-0.05813523888077229,2.3021018638198483e-6,4.5673256488941754e-5
0.628,-1.2449491424413897,-0.1554809965675391,2.3066691894687423e-6,3.905907327017492e-5
0.629,-1.0633135104400155,-0.18920272221448198,2.3105750967957597e-6,2.1483982641468707e-5
0.63,1.1771464807092711e-14,-0.1008450509403648,2.3127234950599065e-6,1.1266110124071832e-7
0.631,1.0633135104400286,0.052580938892706486,2.3127347611700305e-6,-1.1308494897799181e-5
0.632,1.2449491424413837,0.15252055467389755,2.311603911680251e-6,-5.453267165109724e-6
0.633,0.6571638901489304,0.14700984465608338,2.31105858496374e-6,1.1654879278000484e-5
0.634,0.11225699414488632,0.08958194661621169,2.31222407289154e-6,2.8141613133285165e-5
0.635,0.0,0.04774717754646316,2.3150382342048687e-6,3.816104302934049e-5
0.636,-0.11225699414490986,0.014223546217791816,2.3188543385078027e-6,4.3469257032122427e-5
0.637,-0.6571638901489194,-0.05813523888077006,2.323201264211015e-6,4.5002314701578626e-5
0.638,-1.2449491424414072,-0.1554809965675387,2.3277014956811727e-6,3.8387565547178956e-5
0.639,-1.0633135104400395,-0.18920272221448384,2.3315402522358906e-6,2.0811910916438184e-5
0.64,-3.135095805817224e-14,-0.10084505094037097,2.3336214433275345e-6,-5.599726831320057e-7
0.641,1.063313510440068,0.05258093889270565,2.3335654460592214e-6,-1.1981688782928353e-5
0.642,1.2449491424413943,0.15252055467389725,2.3323672771809284e-6,-6.1270191833460585e-6
0.643,0.6571638901488909,0.1470098446560793,2.3317545752625937e-6,1.0980571089429276e-5
0.644,0.1122569941448971,0.08958194661621116,2.3328526323715364e-6,2.746675072627505e-5
0.645,0.0,0.04774717754646328,2.335599307444164e-6,3.748562835124467e-5
0.646,-0.11225699414489909,0.01422354621779328,2.3393478702792884e-6,4.279329203361897e-5
0.647,-0.6571638901489589,-0.05813523888077254,2.3436271994826504e-6,4.432580133580721e-5
0.648,-1.2449491424413963,-0.15548099656753803,2.348059779616231e-6,3.771050576430333e-5
0.649,-1.0633135104400637,-0.18920272221448559,2.3518308301926614e-6,2.013430666527378e-5
0.65,3.9213456798178836e-14,-0.1008450509403657,2.3538442608591886e-6,-1.238119444973793e-6
0.651,1.063313510440044,0.0525809388927046,2.353720448914691e-6,-1.266037608246183e-5
0.652,1.2449491424413768,0.15252055467389394,2.352454411306445e-6,-6.806245038829192e-6
0.653,0.657163890148915,0.14700984465608002,2.351773786802562e-6,1.0300808655008613e-5
0.654,0.11225699414487944,0.08958194661621031,2.352803867668063e-6,2.6786453679398384e-5
0.655,0.0,0.04774717754646322,2.355482513036003e-6,3.680479865399065e-5
0.656,-0.11225699414491674,0.014223546217791795,2.359162992901402e-6,4.211193165127579e-5
0.657,-0.6571638901489348,-0.05813523888077025,2.3633741860665296e-6,4.3643912236036095e-5
0.658,-1.244949142441414,-0.15548099656753767,2.3677385772901332e-6,3.702808991188258e-5
0.659,-1.0633135104400244,-0.18920272221448114,2.3714413862813215e-6,1.9451366023671086e-5
0.66,-3.908966067086117e-15,-0.10084505094036844,2.3733865228836888e-6,-1.9215829037933292e-6
0.661,1.0633135104400835,0.05258093889270565,2.3731943645933096e-6,-1.3344360371685644e-5
0.662,1.2449491424413877,0.1525205546738947,2.371859928556141e-6,-7.490748163192628e-6
0.663,0.6571638901488756,0.14700984465607653,2.371110853739822e-6,9.615788686186765e-6
0.664,0.11225699414489021,0.08958194661621005,2.3720724326084404e-6,2.6100918846614966e-5
0.665,0.0,0.04774717754646346,2.374682524493102e-6,3.6118750933483576e-5
0.666,-0.11225699414490597,0.0142235462177933,2.3782943995864503e-6,4.142537302237523e-5
0.667,-0.6571638901489743,-0.05813523888077274,2.382436936888688e-6,4.295684468035665e-5
0.668,-1.2449491424414032,-0.15548099656753706,2.3867326213567237e-6,3.634051540824738e-5
0.669,-1.0633135104400484,-0.18920272221448292,2.3903666728975485e-6,1.876328654963363e-5
0.67,6.665544878926496e-14,-0.10084505094036315,2.3922430015525117e-6,-2.6101653624856475e-6
0.671,1.0633135104400593,0.052580938892704696,2.3919819850162634e-6,-1.4033443814964047e-5
0.672,1.24494914244137,0.15252055467389147,2.390578640634767e-6,-8.180330582848222e-6
0.673,0.6571638901488996,0.14700984465607728,2.389760607576482e-6,8.925709293928936e-6
0.674,0.11225699414487261,0.08958194661620919,2.3906531785058748e-6,2.5410344475696736e-5
0.675,0.0,0.04774717754646337,2.3931942129534444e-6,3.542768357373004e-5
0.676,-0.11225699414492357,0.014223546217791788,2.3967369813108175e-6,4.073381466658671e-5
0.677,-0.6571638901489502,-0.058135238880770504,2.4008103627774764e-6,4.226479732352811e-5
0.678,-1.2449491424413925,-0.1554809965675339,2.405036842509829e-6,3.564798104267681e-5
0.679,-1.0633135104400089,-0.18920272221447698,2.4086016406140965e-6,1.807026716638815e-5
0.68,2.3533025924000007e-14,-0.10084505094036506,2.4104086673307355e-6,-3.303667764448563e-6
0.681,1.0633135104400988,0.052580938892706264,2.410078300554291e-6,-1.4727427222900052e-5
0.682,1.2449491424413808,0.15252055467389256,2.408605557832001e-6,-8.874792976181492e-6
0.683,0.6571638901488602,0.14700984465607395,2.407718078534383e-6,8.230769931489196e-6
0.684,0.11225699414488338,0.08958194661620901,2.408541155527532e-6,2.4714930150959775e-5
0.685,0.0,0.04774717754646364,2.411012648542628e-6,3.473179628953461e-5
0.686,-0.1122569941449128,0.0142235462177933,2.4144858281715815e-6,4.0037456428627854e-5
0.687,-0.6571638901489896,-0.058135238880773016,2.418489573814444e-6,4.156797013960574e-5
0.688,-1.2449491424413817,-0.1554809965675225,2.4226463708284043e-6,3.495068691798752e-5
0.689,-1.0633135104400966,-0.1892027222144794,2.426141439520203e-6,1.7372508104938724e-5
0.69,-1.9589396941264945e-14,-0.10084505094037141,2.427878690330697e-6,-4.001889751070016e-6
0.691,1.063313510440011,0.05258093889269283,2.42747850135559e-6,-1.542611010985221e-5
0.692,1.2449491424413917,0.15252055467388564,2.4259358903446047e-6,-9.573934731106629e-6
0.693,0.6571638901489478,0.14700984465607908,2.424978496871494e-6,7.5311713368166924e-6
0.694,0.11225699414492263,0.08958194661621614,2.425731614005176e-6,2.4014876735640292e-5
0.695,0.0,0.04774717754646779,2.42813310167874e-6,3.4031290068841844e-5
0.696,-0.11225699414487367,0.014223546217799699,2.4315362306856243e-6,3.933649942057241e-5
0.697,-0.6571638901489019,-0.058135238880760234,2.4354698806276817e-6,4.086656436421298e-5
0.698,-1.2449491424413708,-0.15548099656752465,2.439556537064103e-6,3.424883439277386e-5
0.699,-1.063313510440057,-0.18920272221447632,2.4429814205033803e-6,1.667021084626978e-5
0.7,-6.27118198065299e-14,-0.10084505094037481,2.4446484415880074e-6,-4.704629719551851e-6
0.701,1.0633135104400506,0.05258093889269373,2.4441779786160523e-6,-1.612929075179316e-5
0.702,1.2449491424414023,0.15252055467388637,2.442565049540873e-6,-1.0277554002950425e-5
0.703,0.657163890148972,0.1470098446560819,2.441537294140578e-6,6.827115474644204e-6
0.704,0.11225699414490503,0.08958194661621635,2.4422200056880425e-6,2.3310386313945367e-5
0.705,0.0,0.04774717754646822,2.444551044319437e-6,3.3326367114751466e-5
0.706,-0.11225699414489126,0.014223546217798436,2.4478836810309123e-6,3.863114596383153e-5
0.707,-0.6571638901488779,-0.05813523888075793,2.4517467956272954e-6,4.0160782436489306e-5
0.708,-1.2449491424413885,-0.1554809965675244,2.4557628738709444e-6,3.354262602332247e-5
0.709,-1.0633135104400813,-0.1892027222144783,2.4591171364732765e-6,1.5963578063236062e-5
0.71,7.85259504982118e-15,-0.1008450509403695,2.4607134942796e-6,-5.411684881057648e-6
0.711,1.0633135104400264,0.05258093889269297,2.4601723257914943e-6,-1.6836766244489814e-5
0.712,1.244949142441413,0.15252055467388625,2.4584886491670455e-6,-1.0985447772674288e-5
0.713,0.6571638901489325,0.14700984465607794,2.457390104389778e-6,6.118805478229027e-6
0.714,0.1122569941449158,0.08958194661621575,2.4580019849376007e-6,2.26016621327661e-5
0.715,0.0,0.04774717754646823,2.4602621511508773e-6,3.261723078720522e-5
0.716,-0.11225699414488038,0.014223546217799789,2.463523874229598e-6,3.792159953081221e-5
0.717,-0.6571638901489172,-0.058135238880760574,2.467316034182679e-6,3.94508279407222e-5
0.718,-1.2449491424413779,-0.15548099656752398,2.4712611169767513e-6,3.283226550521513e-5
0.719,-1.0633135104400417,-0.1892027222144739,2.4745443435272727e-6,1.5252813562128922e-5
0.72,-3.5269827815443773e-14,-0.10084505094037215,2.4760696248834857e-6,-6.122851319171411e-6
0.721,1.063313510440066,0.05258093889269434,2.4754573397515687e-6,-1.7548332561994336e-5
0.722,1.2449491424413954,0.15252055467388448,2.473702506495369e-6,-1.1697411905387672e-5
0.723,0.6571638901489567,0.14700984465607947,2.4725327653048304e-6,5.406445590813474e-6
0.724,0.11225699414489815,0.08958194661621521,2.473073409863912e-6,2.1888908543109836e-5
0.725,0.0,0.04774717754646825,2.475262300718223e-6,3.19040855443869e-5
0.726,-0.11225699414489815,0.014223546217798269,2.4784527092726615e-6,3.720806468628671e-5
0.727,-0.6571638901488932,-0.05813523888075847,2.48217351574129e-6,3.873690554768334e-5
0.728,-1.2449491424413954,-0.1554809965675239,2.4860472062960583e-6,3.2117957614636857e-5
0.729,-1.063313510440066,-0.18920272221447604,2.4892590020575218e-6,1.4538122223958018e-5
0.73,3.5294587040907305e-14,-0.10084505094036687,2.4907128142799175e-6,-6.837924048649473e-6
0.731,1.0633135104400417,0.05258093889269359,2.4900290218750524e-6,-1.8263784615418085e-5
0.732,1.2449491424414063,0.15252055467388445,2.4882026434135106e-6,-1.2413241209153237e-5
0.733,0.6571638901489172,0.14700984465607553,2.4869613192925953e-6,4.690241106791419e-6
0.734,0.11225699414490892,0.0895819466162146,2.4874303434032742e-6,2.1172330941234452e-5
0.735,0.0,0.047747177546468234,2.4895475764973975e-6,3.118713688382957e-5
0.736,-0.11225699414488738,0.014223546217799574,2.4926662901857804e-6,3.6490747028472675e-5
0.737,-0.6571638901489325,-0.05813523888076119,2.4963153648886277e-6,3.801922095568447e-5
0.738,-1.2449491424413845,-0.15548099656752362,2.500117286984196e-6,3.139990814940128e-5
0.739,-1.0633135104400264,-0.18920272221447168,2.5032572777991364e-6,1.381970994544978e-5
0.74,-7.827835824357647e-15,-0.10084505094036947,2.5046392487936815e-6,-7.55669707444309e-6
0.741,1.0633135104400178,0.05258093889268875,2.5038835790862374e-6,-1.8982916311988026e-5
0.742,1.2449491424413885,0.15252055467387937,2.5019852874550384e-6,-1.3132729494068484e-5
0.743,0.6571638901489414,0.14700984465607528,2.5006720145056316e-6,3.970398312598813e-6
0.744,0.11225699414489126,0.0895819466162131,2.5010690543368915e-6,2.045213570951769e-5
0.745,0.0,0.04774717754646771,2.503114267907843e-6,3.0466591283259066e-5
0.746,-0.11225699414490503,0.01422354621779777,2.5061609270361692e-6,3.576985312985084e-5
0.747,-0.6571638901489085,-0.05813523888075926,2.5097379123491544e-6,3.729798083136704e-5
0.748,-1.2449491424414023,-0.15548099656752368,2.513467710432291e-6,3.067832386971922e-5
0.749,-1.0633135104400506,-0.1892027222144739,2.516535542819263e-6,1.309778357979047e-5
0.75,-5.09502586896226e-14,-0.10084505094037556,2.517845321177242e-6,-8.278963450986317e-6
0.751,1.063313510440057,0.052580938892688375,2.5170174248321433e-6,-1.970552061435363e-5
0.752,1.2449491424413992,0.15252055467387962,2.515046872770708e-6,-1.3855669631596418e-5
0.753,0.6571638901489019,0.1470098446560715,2.5136613058075484e-6,3.2471244273616174e-6
0.754,0.11225699414490203,0.08958194661621255,2.5139860182502846e-6,1.9728530157076678e-5
0.755,0.0,0.047747177546467685,2.515958871265992e-6,2.974265614118966e-5
0.756,-0.11225699414489426,0.01422354621779904,2.5189331368801113e-6,3.5045590477737005e-5
0.757,-0.6571638901489478,-0.058135238880762045,2.522437695927885e-6,3.657339275025297e-5
0.758,-1.2449491424413917,-0.15548099656752348,2.5260950352029103e-6,2.9953412438721548e-5
0.759,-1.063313510440011,-0.18920272221446965,2.5290903764467822e-6,1.2372550877125867e-5
0.76,1.961415616672848e-14,-0.1008450509403668,2.530327631534495e-6,-9.004515341713714e-6
0.761,1.063313510440033,0.05258093889268975,2.5294271800003234e-6,-2.0431389600128412e-5
0.762,1.2449491424413817,0.15252055467387798,2.5273840410403105e-6,-1.458185361413252e-5
0.763,0.6571638901489261,0.14700984465607309,2.525925855678897e-6,2.52062754330206e-6
0.764,0.11225699414488444,0.08958194661621198,2.526177918433227e-6,1.900172246015516e-5
0.765,0.0,0.047747177546467644,2.5280780906792424e-6,2.9015539717288263e-5
0.766,-0.11225699414491186,0.014223546217797464,2.5309796446509713e-6,3.431816741462352e-5
0.767,-0.6571638901489238,-0.058135238880760054,2.5344114613924335e-6,3.584566513706132e-5
0.768,-1.2449491424414092,-0.15548099656752362,2.5379960279061395e-6,2.9225382362758144e-5
0.769,-1.063313510440035,-0.1892027222144719,2.5409185661424154e-6,1.164422042483813e-5
0.77,-2.3508266698536476e-14,-0.10084505094037284,2.542082988184899e-6,-9.733144078810992e-6
0.771,1.0633135104400724,0.052580938892689486,2.541109673777018e-6,-2.1160314521669008e-5
0.772,1.2449491424413925,0.1525205546738783,2.5389936423248513e-6,-1.531107261480391e-5
0.773,0.6571638901488865,0.14700984465606934,2.5374625350633708e-6,1.7911165659216391e-6
0.774,0.1122569941448952,0.08958194661621141,2.537641646719963e-6,1.82719216022816e-5
0.775,0.0,0.04774717754646759,2.539468838880191e-6,2.8285451072512178e-5
0.776,-0.11225699414490098,0.01422354621779872,2.5422973839874423e-6,3.358779307829674e-5
0.777,-0.6571638901489631,-0.05813523888076288,2.545656163295272e-6,3.511500720580802e-5
0.778,-1.2449491424413983,-0.15548099656752348,2.5491676640158527e-6,2.849444293147311e-5
0.779,-1.0633135104400593,-0.18920272221447407,2.5520171083090003e-6,1.0913001587601255e-5
0.78,4.7056148157814606e-14,-0.10084505094036743,2.5531084084677606e-6,-1.0464640223174351e-5
0.781,1.0633135104400484,0.052580938892689125,2.5520619444454433e-6,-2.1892085866042534e-5
0.782,1.2449491424413748,0.15252055467387582,2.549872735858839e-6,-1.60431170474556e-5
0.783,0.6571638901489107,0.14700984465607048,2.5482684241540935e-6,1.0588011539932835e-6
0.784,0.11225699414487755,0.08958194661621056,2.548374304269493e-6,1.753933731424664e-5
0.785,0.0,0.04774717754646736,2.5501282380009174e-6,2.7552600009067387e-5
0.786,-0.11225699414491874,0.014223546217797,2.5528834980018243e-6,3.285467734177636e-5
0.787,-0.6571638901489392,-0.05813523888076102,2.556168965736002e-6,3.4381628899723844e-5
0.788,-1.244949142441416,-0.1554809965675237,2.5596071286259743e-6,2.776080415770854e-5
0.789,-1.06331351044002,-0.18920272221447004,2.5623832090417454e-6,1.017910444726618e-5
0.79,3.933725292549651e-15,-0.10084505094037007,2.563401119486472e-6,-1.11987936245457e-5
0.791,1.063313510440088,0.05258093889269087,2.5622812401240176e-6,-2.2626493415191246e-5
0.792,1.2449491424413854,0.15252055467387726,2.5600185907824987e-6,-1.6777776626833476e-5
0.793,0.6571638901488712,0.1470098446560673,2.558340813119815e-6,3.238916593629493e-7
0.794,0.11225699414488832,0.08958194661621025,2.5583732022857516e-6,1.6804180013882754e-5
0.795,0.0,0.04774717754646741,2.5600536202871397e-6,2.6817197010171073e-5
0.796,-0.11225699414490786,0.01422354621779829,2.5627353399881567e-6,3.211903075306088e-5
0.797,-0.6571638901489787,-0.058135238880763905,2.565947243063463e-6,3.364574083098565e-5
0.798,-1.2449491424414052,-0.15548099656752368,2.5693118171465614e-6,2.702467671721467e-5
0.799,-1.063313510440044,-0.1892027222144723,2.5720142848182828e-6,9.442739742554652e-6
0.8,7.449814014890073e-14,-0.10084505094036464,2.5729585587925382e-6,-1.1935393481837398e-5
0.801,1.0633135104400637,0.05258093889269058,2.5717650194443547e-6,-2.336332630626437e-5
0.802,1.2449491424413681,0.15252055467387488,2.5694286868137285e-6,-1.7514840428933e-5
0.803,0.6571638901488952,0.14700984465606845,2.5676772027708352e-6,-4.134009334178922e-7
0.804,0.11225699414487073,0.08958194661620937,2.5676358626774934e-6,1.606666074568512e-5
0.805,0.0,0.04774717754646712,2.569242528752062e-6,2.6079453179656547e-5
0.806,-0.11225699414492557,0.01422354621779652,2.5718504740700276e-6,3.1381064474716964e-5
0.807,-0.6571638901489545,-0.05813523888076211,2.5749885805174994e-6,3.29075542202877e-5
0.808,-1.2449491424413943,-0.15548099656752118,2.578279335939528e-6,2.6286271888210404e-5
0.809,-1.0633135104400044,-0.18920272221446685,2.580907963128349e-6,8.704118808604885e-6
0.81,3.1375717283635774e-14,-0.10084505094036647,2.58177837500921e-6,-1.2674228403596113e-5
0.811,1.0633135104401032,0.05258093889269286,2.58051095216885e-6,-2.4102373092104087e-5
0.812,1.2449491424413788,0.1525205546738767,2.5781007148596395e-6,-1.8254096951497864e-5
0.813,0.657163890148983,0.14700984465607886,2.57627530516449e-6,-1.1528650676036118e-6
0.814,0.11225699414490986,0.08958194661621907,2.5761600186577296e-6,1.5326991120283848e-5
0.815,0.0,0.047747177546472494,2.5776927177697578e-6,2.5339580181433254e-5
0.816,-0.1122569941448579,0.014223546217806297,2.580226675787901e-6,3.064099022332662e-5
0.817,-0.6571638901489304,-0.05813523888075418,2.5832907748102337e-6,3.216728083627914e-5
0.818,-1.2449491424413837,-0.1554809965675155,2.5865075028938616e-6,2.5545801490804478e-5
0.819,-1.0633135104400924,-0.18920272221447246,2.589062083042942e-6,7.96345351637922e-6
0.82,-1.254335433032452e-13,-0.1008450509403855,2.58985842839458e-6,-1.3415086468614905e-5
0.821,1.063313510440079,0.05258093889267966,2.5885169197477187e-6,-2.484342180186623e-5
0.822,1.2449491424413897,0.15252055467387038,2.586032577567532e-6,-1.8995334174656856e-5
0.823,0.6571638901489435,0.14700984465607095,2.5841330441500667e-6,-1.8942886748983056e-6
0.824,0.11225699414492063,0.08958194661621617,2.583943615282577e-6,1.4585383253784584e-5
0.825,0.0,0.04774717754647111,2.5854021536079553e-6,2.4597790178810007e-5
0.826,-0.11225699414490392,0.014223546217801086,2.5878619326258364e-6,2.9899020208795706e-5
0.827,-0.6571638901489063,-0.05813523888075427,2.590851834646716e-6,3.1425132934853715e-5
0.828,-1.2449491424413728,-0.15548099656751402,2.5939943479402015e-6,2.4803477826272693e-5
0.829,-1.0633135104401163,-0.18920272221447396,2.596474695722829e-6,7.220956211929209e-6
0.83,5.881770927472191e-14,-0.10084505094036822,2.597196791344022e-6,-1.4157755286671805e-5
0.831,1.063313510440055,0.05258093889268592,2.595781015815355e-6,-2.558626000176343e-5
0.832,1.2449491424414003,0.15252055467387438,2.5932223898151784e-6,-1.973833962166937e-5
0.833,0.6571638901489676,0.1470098446560755,2.5912485558530116e-6,-2.637459236225252e-6
0.834,0.1122569941449314,0.08958194661621989,2.5909848099293892e-6,1.3842049706998717e-5
0.835,0.0,0.04774717754647324,2.592369014900089e-6,2.3854295773723492e-5
0.836,-0.11225699414489315,0.014223546217803425,2.5947544444774615e-6,2.915536707357684e-5
0.837,-0.6571638901488822,-0.05813523888075033,2.597669981184819e-6,3.068132319837285e-5
0.838,-1.2449491424413621,-0.15548099656751055,2.6007381135046563e-6,2.4059513616275864e-5
0.839,-1.0633135104400133,-0.1892027222144617,2.6031440648662838e-6,6.476839655606332e-6
0.84,1.5695286409456948e-14,-0.1008450509403663,2.6037917488318445e-6,-1.490202205933307e-5
0.841,1.0633135104400309,0.05258093889268395,2.602301546625911e-6,-2.6330674855896643e-5
0.842,1.2449491424414112,0.15252055467387407,2.5996684791403216e-6,-2.04829004197791e-5
0.843,0.6571638901489917,0.14700984465607775,2.5976201890983437e-6,-3.3821638425777793e-6
0.844,0.11225699414488538,0.08958194661621668,2.597281972714086e-6,1.3097203424572014e-5
0.845,0.0,0.047747177546471675,2.598591693056543e-6,2.3109309945849776e-5
0.846,-0.11225699414488244,0.014223546217803772,2.600902624051128e-6,2.8410243831767955e-5
0.847,-0.6571638901488581,-0.058135238880747515,2.603743648434305e-6,2.9936064674746755e-5
0.848,-1.244949142441408,-0.15548099656751335,2.6067372549017794e-6,2.331412194192796e-5
0.849,-1.0633135104400373,-0.1892027222144655,2.6090686670959723e-6,5.731316961119064e-6
0.85,-2.7427136455808003e-14,-0.10084505094037292,2.6096417987920844e-6,-1.5647673640907722e-5
0.851,1.0633135104400067,0.05258093889267755,2.6080770314279938e-6,-2.707645318719887e-5
0.852,1.2449491424414219,0.15252055467387143,2.605369386109274e-6,-2.122880336115458e-5
0.853,0.6571638901488888,0.1470098446560661,2.6032465057731585e-6,-4.128189255970967e-6
0.854,0.11225699414489615,0.0895819466162117,2.6028336868475614e-6,1.235105767403137e-5
0.855,0.0,0.047747177546469136,2.6040687926149646e-6,2.236304599165e-5
0.856,-0.11225699414487167,0.014223546217803584,2.6063050972141296e-6,2.7663863808154362e-5
0.857,-0.657163890148961,-0.05813523888075772,2.609071483594945e-6,2.9189570716474857e-5
0.858,-1.2449491424413974,-0.1554809965675174,2.6119904406665927e-6,2.256751618283131e-5
0.859,-1.0633135104400615,-0.18920272221446993,2.614247192284876e-6,4.984601534564962e-6
0.86,-7.054955932107296e-14,-0.10084505094037985,2.6147456524383325e-6,-1.6394496599411846e-5
0.861,1.0633135104399827,0.05258093889267104,2.6131062027783914e-6,-2.7823381538411712e-5
0.862,1.2449491424413759,0.1525205546738631,2.6103238646245504e-6,-2.1975834963874888e-5
0.863,0.6571638901489129,0.14700984465606406,2.608126281128163e-6,-4.8753219704333704e-6
0.864,0.11225699414490692,0.08958194661621185,2.6076387489311194e-6,1.1603825984791337e-5
0.865,0.0,0.04774717754646932,2.6087991315295987e-6,2.1615717463369828e-5
0.866,-0.11225699414491769,0.014223546217799164,2.6109607032759357e-6,2.691644057720221e-5
0.867,-0.657163890148937,-0.05813523888075748,2.613652347333656e-6,2.8442054919632593e-5
0.868,-1.2449491424413865,-0.155480996567516,2.6164965528256196e-6,2.1819909956063552e-5
0.869,-1.0633135104400857,-0.18920272221447154,2.6186785438212258e-6,4.2369070134119595e-6
0.87,1.1370169325689416e-13,-0.10084505094036246,2.619102234522567e-6,-1.7142277277598105e-5
0.871,1.0633135104400857,0.05258093889269029,2.6173880067948075e-6,-2.857124623311729e-5
0.872,1.2449491424413865,0.1525205546738742,2.614530882171496e-6,-2.2723781532963124e-5
0.873,0.657163890148937,0.14700984465607242,2.6122585040181996e-6,-5.62334827304048e-6
0.874,0.11225699414491769,0.08958194661621752,2.6116961691908957e-6,1.0855722087110588e-5
0.875,0.0,0.04774717754647244,2.6127817413996068e-6,2.086753810799162e-5
0.876,-0.11225699414490692,0.014223546217801974,2.614868495210406e-6,2.616818790200695e-5
0.877,-0.6571638901489129,-0.058135238880753434,2.6174853140006067e-6,2.7693731062819128e-5
0.878,-1.2449491424413759,-0.15548099656751255,2.6202546871068886e-6,2.1071517055115085e-5
0.879,-1.0633135104399827,-0.18920272221445933,2.6223618388124002e-6,3.4884472054316738e-6
0.88,7.05792703916292e-14,-0.10084505094036043,2.6227106835329436e-6,-1.789080185402271e-5
0.881,1.0633135104400615,0.05258093889268865,2.6209216033475413e-6,-2.9319833436816694e-5
0.882,1.2449491424413974,0.1525205546738742,2.6179896200038597e-6,-2.3472429221477606e-5
0.883,0.657163890148961,0.14700984465607483,2.615642377081712e-6,-6.372054305017347e-6
0.884,0.11225699414487167,0.08958194661621428,2.61500517165121e-6,1.010695985098809e-5
0.885,0.0,0.04774717754647079,2.616015867636309e-6,2.011872180612796e-5
0.886,-0.11225699414489615,0.014223546217802231,2.618027739816922e-6,2.541931967318487e-5
0.887,-0.6571638901488888,-0.05813523888075076,2.6205696717842404e-6,2.6944813046043507e-5
0.888,-1.2449491424414219,-0.15548099656751557,2.6232641530888447e-6,2.032255138877764e-5
0.889,-1.0633135104400067,-0.1892027222144633,2.6252964082277225e-6,2.7394360275876815e-6
0.89,2.7456847526364246e-14,-0.100845050940367,2.625570351830481e-6,-1.863985640416344e-5
0.891,1.0633135104400375,0.05258093889268248,2.623706366190065e-6,-3.0068929218036044e-5
0.892,1.244949142441408,0.15252055467387188,2.620699473268261e-6,-2.4221564091603144e-5
0.893,0.6571638901488581,0.1470098446560633,2.618277316859101e-6,-7.121226122819472e-6
0.894,0.11225699414488244,0.08958194661620929,2.617565194246819e-6,9.357753225085001e-6
0.895,0.0,0.04774717754646818,2.6185009695693273e-6,1.9369482510947793e-5
0.896,-0.11225699414488538,0.01422354621780196,2.620437917820422e-6,2.4670049847801697e-5
0.897,-0.6571638901489917,-0.05813523888076112,2.622904922805202e-6,2.619551482965739e-5
0.898,-1.2449491424414112,-0.15548099656751993,2.6255244742881675e-6,1.9573226920076754e-5
0.899,-1.0633135104400309,-0.189202722214468,2.6274817969801754e-6,1.99008744497084e-6
0.9,-1.5665575338900706e-14,-0.10084505094037394,2.6276808057246723e-6,-1.9389226961473555e-5
0.901,1.0633135104400133,0.052580938892676204,2.625741883028525e-6,-3.081831960938445e-5
0.902,1.2449491424413621,0.1525205546738638,2.6226600510675864e-6,-2.4970972175716092e-5
0.903,0.6571638901488822,0.1470098446560614,2.6201629538500146e-6,-7.870649759202156e-6
0.904,0.11225699414489321,0.08958194661620943,2.6193758888740944e-6,8.608316175659614e-6
0.905,0.0,0.04774717754646829,2.6202367204916604e-6,1.8620034187110717e-5
0.906,-0.1122569941449314,0.014223546217797436,2.6220987239103715e-6,2.3920592388307568e-5
0.907,-0.6571638901489676,-0.05813523888076105,2.6244907831492025e-6,2.544605037329023e-5
0.908,-1.2449491424414003,-0.1554809965675187,2.6270353881865315e-6,1.882375760521397e-5
0.909,-1.063313510440055,-0.18920272221446974,2.628917763947053e-6,1.2406154097426649e-6
0.91,-5.878799820416566e-14,-0.10084505094037924,2.629041825488027e-6,-2.01386995784422e-5
0.911,1.0633135104401163,0.05258093889268356,2.6270279555301828e-6,-3.1567790668612334e-5
0.912,1.2449491424413728,0.1525205546738687,2.6238711764633215e-6,-2.5720439537437243e-5
0.913,0.6571638901489063,0.14700984465606645,2.621299132509578e-6,-8.620111284266259e-6
0.914,0.11225699414490398,0.08958194661621323,2.6204371213811515e-6,7.858862625518429e-6
0.915,0.0,0.04774717754647033,2.6212230076437032e-6,1.787059074972072e-5
0.916,-0.11225699414492063,0.014223546217799615,2.6230100667186753e-6,2.3171161201494033e-5
0.917,-0.6571638901489435,-0.058135238880757445,2.6253271828388246e-6,2.469663357481251e-5
0.918,-1.2449491424413897,-0.15548099656751568,2.6277968461963057e-6,1.8074357332526795e-5
0.919,-1.063313510440079,-0.1892027222144705,2.6296042819295585e-6,4.912338000982146e-7
0.92,1.2546325437380146e-13,-0.10084505094036124,2.6296534053095684e-6,-2.0888060387626415e-5
0.921,1.0633135104400924,0.052580938892690735,2.627564599270806e-6,-3.231712853963592e-5
0.922,1.2449491424413837,0.1525205546738736,2.6243328864168424e-6,-2.6469752332655694e-5
0.923,0.6571638901489304,0.14700984465607145,2.6216859111835767e-6,-9.369396866483271e-6
0.924,0.1122569941448579,0.08958194661621129,2.6207489714969284e-6,7.109606392998744e-6
0.925,0.0,0.0477471775464693,2.6214599321362285e-6,1.712136600331413e-5
0.926,-0.11225699414490986,0.014223546217800156,2.62317206873656e-6,2.242197007748753e-5
0.927,-0.6571638901489194,-0.05813523888075474,2.625414265744309e-6,2.394747820933104e-5
0.928,-1.2449491424413788,-0.15548099656751313,2.627809013565242e-6,1.7325239861493536e-5
0.929,-1.063313510439976,-0.18920272221445883,2.6295415375513915e-6,-2.578436407217629e-7
0.93,8.23408315085365e-14,-0.10084505094035935,2.6295157531873195e-6,-2.16370956626306e-5
0.931,1.063313510440068,0.05258093889268932,2.6273520436210562e-6,-3.306611951351946e-5
0.932,1.2449491424413943,0.15252055467387393,2.6240454316697044e-6,-2.72186968705008e-5
0.933,0.6571638901488274,0.14700984465606132,2.6213235619826544e-6,-1.0118292833655921e-5
0.934,0.11225699414486867,0.08958194661620697,2.6203117326992887e-6,6.360761131014477e-6
0.935,0.0,0.047747177546467,2.62094780881239e-6,1.6372573580914805e-5
0.936,-0.11225699414489909,0.014223546217799997,2.6225850661704814e-6,2.1673232628813017e-5
0.937,-0.6571638901490224,-0.058135238880765126,2.6247523894333626e-6,2.3198797868263212e-5
0.938,-1.2449491424413681,-0.15548099656750686,2.6270722692201887e-6,1.65766187618147e-5
0.939,-1.0633135104401272,-0.18920272221447063,2.62872993109637e-6,-1.0064033653410778e-6
0.94,3.9218408643271543e-14,-0.1008450509403699,2.628629290759836e-6,-2.238559187901576e-5
0.941,1.063313510440044,0.05258093889268135,2.6263907315719343e-6,-3.381455008936462e-5
0.942,1.2449491424414052,0.15252055467387082,2.6230092765629977e-6,-2.7967059674222766e-5
0.943,0.6571638901489787,0.1470098446560748,2.6202125705955755e-6,-1.0866585733790725e-5
0.944,0.1122569941449364,0.08958194661622088,2.6191259120221965e-6,5.6125402661991995e-6
0.945,0.0,0.04774717754647438,2.6196871660488165e-6,1.5624426883186485e-5
0.946,-0.11225699414488832,0.014223546217804986,2.621249608737135e-6,2.0925162229555555e-5
0.947,-0.6571638901488712,-0.058135238880747425,2.6233421249600905e-6,2.245080589850721e-5
0.948,-1.2449491424413572,-0.15548099656750722,2.625587205549941e-6,1.582870735259572e-5
0.949,-1.0633135104400244,-0.18920272221446055,2.627170076285201e-6,-1.7542320830582806e-6
0.95,-3.90401422199341e-15,-0.10084505094036877,2.6269946530768953e-6,-2.3133335775085477e-5
0.951,1.06331351044002,0.0525809388926797,2.6246813194993866e-6,-3.456220703508921e-5
0.952,1.244949142441416,0.15252055467387116,2.621225098795878e-6,-2.8714627541961304e-5
0.953,0.6571638901490027,0.1470098446560774,2.618353636041682e-6,-1.1614062395856447e-5
0.954,0.11225699414489021,0.0895819466162176,2.6171922298020964e-6,4.865156938143706e-6
0.955,0.0,0.0477471775464726,2.617678745495911e-6,1.4877139017672594e-5
0.956,-0.11225699414487755,0.014223546217805076,2.619166459397678e-6,2.0177971954606416e-5
0.957,-0.657163890148847,-0.05813523888074503,2.6211842565931387e-6,2.1703715341696636e-5
0.958,-1.2449491424414032,-0.15548099656751063,2.6233546281273085e-6,1.5081718641604419e-5
0.959,-1.0633135104400484,-0.18920272221446482,2.624862799991469e-6,-2.5011168205748017e-6
0.96,-4.702643708725836e-14,-0.10084505094037526,2.6246126883094115e-6,-2.388011441262107e-5
0.961,1.0633135104399958,0.052580938892674026,2.6222246768681493e-6,-3.5308877448157984e-5
0.962,1.2449491424414267,0.15252055467386932,2.6186937891233333e-6,-2.9461187607468566e-5
0.963,0.6571638901488996,0.1470098446560661,2.6157476703625866e-6,-1.2360509990497183e-5
0.964,0.11225699414490098,0.08958194661621255,2.614511619363537e-6,4.118823938706803e-6
0.965,0.0,0.04774717754646985,2.6149235017574077e-6,1.413092273813131e-5
0.966,-0.11225699414486678,0.014223546217804646,2.616336594031221e-6,1.9431874519016953e-5
0.967,-0.6571638901489502,-0.05813523888075566,2.618279781483123e-6,2.095773887357039e-5
0.968,-1.2449491424413925,-0.15548099656751538,2.62037555537048e-6,1.4335865264660984e-5
0.969,-1.0633135104400724,-0.18920272221446982,2.621809141896946e-6,-3.2468449825938157e-6
0.97,-9.014885995252331e-14,-0.1008450509403821,2.6214844573986866e-6,-2.462571523745254e-5
0.971,1.0633135104400988,0.05258093889268092,2.6190218858749413e-6,-3.605434881613242e-5
0.972,1.2449491424413808,0.15252055467386855,2.615416450993328e-6,-3.020652740063984e-5
0.973,0.6571638901489237,0.1470098446560681,2.612395798253264e-6,-1.3105716090547035e-5
0.974,0.11225699414491186,0.08958194661621463,2.6110852266442095e-6,3.3737536515142527e-6
0.975,0.0,0.04774717754647088,2.611422602009361e-6,1.338599038404202e-5
0.976,-0.1122569941449128,0.014223546217800538,2.6127612010477654e-6,1.8687082217515777e-5
0.977,-0.6571638901489261,-0.05813523888075559,2.614629909269517e-6,2.0213088743501664e-5
0.978,-1.2449491424413817,-0.15548099656751443,2.616651218143867e-6,1.3591359425182372e-5
0.979,-1.0633135104400966,-0.1892027222144718,2.6180103540863853e-6,-3.991204412260345e-6
0.98,9.41023926254438e-14,-0.10084505094036454,2.6176112336451593e-6,-2.536992613989056e-5
0.981,1.0633135104400746,0.05258093889268815,2.61507424103117e-6,-3.679840907708875e-5
0.982,1.2449491424413917,0.1525205546738737,2.611394400123461e-6,-3.095043490792264e-5
0.983,0.6571638901489478,0.14700984465607322,2.6082993566326687e-6,-1.3849468731424689e-5
0.984,0.11225699414492263,0.08958194661621832,2.606914409759526e-6,2.6301579915721195e-6
0.985,0.0,0.04774717754647275,2.6071774255586834e-6,1.2642553820233458e-5
0.986,-0.11225699414490203,0.014223546217802523,2.6084416809407066e-6,1.7943806864152238e-5
0.987,-0.6571638901489019,-0.05813523888075226,2.610236061627122e-6,1.946997671415977e-5
0.988,-1.2449491424413708,-0.1554809965675118,2.612183059298538e-6,1.284841283385367e-5
0.989,-1.0633135104399936,-0.18920272221446016,2.613467900581923e-6,-4.733983451475428e-6
0.99,5.097996976017884e-14,-0.10084505094036245,2.6129945022367758e-6,-2.6112535515022246e-5
0.991,1.0633135104400506,0.05258093889268725,2.6103832486852736e-6,-3.754084667990622e-5
0.992,1.2449491424414023,0.15252055467387451,2.606629164017283e-6,-3.1692698632584524e-5
0.993,0.657163890148972,0.14700984465607606,2.6034598941540246e-6,-1.4591556471386053e-5
0.994,0.1122569941448765,0.08958194661621506,2.602000738506886e-6,1.888248345036094e-6
0.995,0.0,0.04774717754647091,2.6021895633413896e-6,1.190082437667169e-5
0.996,-0.11225699414489126,0.014223546217802537,2.603379645779057e-6,1.7202259732102683e-5
0.997,-0.6571638901488779,-0.05813523888075007,2.6050998717522672e-6,1.8728614001330645e-5
0.998,-1.244949142441417,-0.15548099656751554,2.6069727331524e-6,1.2107236648470364e-5
0.999,-1.0633135104400178,-0.18920272221446469,2.608183456817247e-6,-5.474971001034959e-6
1.0,7.857546894913888e-15,-0.10084505094036894,2.6076359597171433e-6,-2.6853332322837036e-5
